grade_A_Component_1,grade_A_Component_2,max_luminosity,thickness,xmin,xmax,ymin,ymax,pixel_area,log_area,x_component_1,x_component_2,x_component_3,x_component_4,x_component_5,class
0,1,150,36,144,172,947225,947332,439,439.0992725362516,0,0,1,0,0,1
1,0,134,55,1144,1152,2379058,2379624,329,329.2056157009343,1,0,0,0,0,1
1,0,135,65,950,974,1038442,1036754,300,300.1205976252061,0,0,0,0,0,2
0,1,123,35,41,220,1705580,1705604,6803,6803.778622480899,0,0,1,0,0,1
1,0,138,69,462,466,1088124,1086579,251,251.40194316627597,0,0,0,0,0,2
1,0,127,72,246,256,1137516,1136929,177,177.18482068483624,0,1,0,0,0,1
0,1,99,39,242,359,87212,87169,3369,3369.037497251235,0,0,1,0,0,1
0,1,136,38,48,202,697615,696534,6159,6159.9029179854,0,0,1,0,0,1
0,1,121,43,42,214,4401789,4401986,5667,5667.675156649419,0,0,1,0,0,1
1,0,115,99,1289,1304,1005611,1006124,281,281.07286552729806,1,0,0,0,0,1
0,1,136,42,348,361,7202710,7202537,264,264.24326937032237,0,0,0,0,0,1
0,1,135,36,806,831,299775,301108,264,264.3891259300253,0,0,0,0,0,2
1,0,130,75,1635,1647,2115008,2115955,368,368.9802837324336,0,0,0,0,0,1
1,0,108,65,1646,1669,2962843,2961055,1137,1137.695981272005,0,0,0,0,0,1
1,0,154,96,664,689,4194930,4195302,465,465.1543305556001,0,0,0,0,0,1
0,1,140,45,39,213,1814540,1814606,6631,6631.868871431905,0,0,1,0,0,1
1,0,125,71,53,61,2644740,2645020,196,196.0723393013418,0,1,0,0,0,1
0,1,159,35,44,193,1529741,1530786,14374,14374.846469220218,0,0,1,0,0,1
0,1,131,61,751,760,948223,949021,176,176.51696234160954,0,0,0,0,0,2
1,0,124,59,674,696,328616,328822,375,375.72212811167594,0,0,0,0,0,1
0,1,122,60,1328,1337,127013,127448,98,98.70594530917569,1,0,0,0,0,1
0,1,126,43,44,214,4420121,4418888,6355,6355.830101513111,0,0,1,0,0,1
0,1,150,48,820,826,900069,898844,150,150.10253370620467,0,0,0,1,0,1
0,1,138,35,26,45,3063581,3063303,466,466.9981619379405,0,0,0,0,0,2
1,0,132,73,235,264,1482182,1481766,76,76.33316200215235,0,0,0,0,0,2
0,1,196,35,920,931,579337,577945,369,369.89365698606025,0,0,1,0,0,1
1,0,142,203,707,727,5072002,5071723,505,505.3188858829916,0,0,0,0,0,2
0,1,138,41,46,212,1785509,1785438,6765,6765.376226457312,0,0,1,0,0,1
1,0,125,66,1344,1352,45921,47044,196,196.63574538490968,0,0,0,0,0,2
0,1,144,44,40,220,2382572,2382668,6313,6313.371071428435,0,0,1,0,0,1
0,1,141,52,519,522,203248,203226,118,118.39570121084873,0,0,0,1,0,1
0,1,147,175,553,561,1155893,1155352,248,248.21423385639358,0,0,0,0,0,2
0,1,142,37,39,201,717474,718115,6291,6291.843216265639,0,0,1,0,0,1
0,1,133,42,46,212,1934972,1935230,6617,6617.872671663584,0,0,1,0,0,1
0,1,138,42,44,214,1413860,1413839,6611,6611.458508405787,0,0,1,0,0,1
1,0,130,78,644,655,630571,629958,324,324.4220169996948,0,0,0,0,0,2
1,0,141,69,108,124,1601362,1603040,500,500.5624835837371,0,1,0,0,0,1
1,0,132,58,937,947,598741,598200,170,170.76026387715058,0,0,0,0,0,1
0,1,177,36,955,963,495017,494192,118,118.1092055734667,0,0,1,0,0,1
0,1,92,144,769,788,45890,45059,225,225.7567813472366,0,0,0,0,0,2
1,0,137,56,967,976,2689234,2690030,246,246.00276910872628,0,0,0,0,0,1
0,1,146,38,47,189,114459,114800,4163,4163.934246061625,0,0,1,0,0,1
0,1,130,39,39,220,1601670,1601737,6720,6720.24051413332,0,0,1,0,0,1
0,1,145,40,298,308,12724454,12724887,420,420.84931469472866,1,0,0,0,0,1
1,0,152,58,283,297,2947397,2946154,225,225.07394832272348,0,0,0,0,0,1
0,1,152,45,621,650,2017932,2016852,189,189.80151447683227,0,0,0,0,0,2
1,0,126,65,764,780,2069176,2069519,429,429.674335838161,0,0,0,0,0,1
1,0,157,96,916,928,3596574,3598352,254,254.00504065324043,0,0,0,0,0,1
1,0,149,148,1276,1304,883508,883585,201,201.65379041781708,0,0,0,0,0,2
1,0,116,74,92,117,2797034,2798395,286,286.2798458910414,0,0,0,0,0,2
0,1,156,35,3,223,500921,499614,22095,22095.944069583584,0,0,1,0,0,1
0,1,153,48,1215,1224,1962284,1961588,62,62.8230058465111,0,0,0,1,0,1
0,1,96,298,264,271,89444,88125,298,298.6269870967511,0,0,0,0,0,2
0,1,149,41,39,200,1431188,1430206,14156,14156.576240872237,0,0,1,0,0,1
0,1,135,66,450,588,1019584,1019533,1306,1306.4447740972391,0,0,0,0,0,2
1,0,147,85,232,258,1594202,1593390,392,392.34053817333285,0,0,0,0,0,1
1,0,148,72,984,997,1802293,1801810,330,330.6627844423122,0,0,0,0,0,1
0,1,142,43,1330,1335,2062274,2063629,103,103.95680125460791,0,0,0,0,0,1
0,1,118,173,1304,1344,33879,33801,571,571.6557864925502,0,0,0,0,0,2
0,1,127,49,7,229,29624,29070,16085,16085.579429663578,0,0,1,0,0,1
0,1,140,45,43,214,1291379,1292814,12145,12145.46071258855,0,0,1,0,0,1
0,1,137,67,12,27,305155,304132,557,557.3654327941623,1,0,0,0,0,1
0,1,122,95,309,321,574402,573678,334,334.3923278724307,0,0,0,0,0,1
0,1,150,45,1326,1334,1599193,1599003,236,236.62901392272568,0,0,0,0,1,1
0,1,138,42,797,810,2294845,2294627,288,288.15624151974,0,0,0,0,0,1
0,1,102,203,38,98,59743,59363,3284,3284.4317770282546,0,0,0,0,0,2
1,0,125,72,58,75,2343730,2343923,1003,1003.9040177503828,0,0,0,0,0,2
0,1,139,39,139,170,422135,421711,612,612.4119641157791,0,0,0,0,0,2
1,0,158,80,195,229,921579,921983,1010,1010.7720111290579,0,0,0,0,0,1
1,0,132,90,1234,1248,2094005,2094009,299,299.0323393715902,0,0,0,0,0,1
1,0,120,65,35,44,450941,451984,222,222.25465999564233,0,1,0,0,0,1
1,0,152,62,369,380,484476,484829,367,367.06432522816993,0,0,0,0,0,1
1,0,113,76,1056,1082,4364114,4363651,133,133.87246796116534,0,0,0,0,0,1
1,0,115,74,1641,1670,1607324,1607042,741,741.6137347236453,0,0,0,0,0,2
0,1,131,115,181,197,1280366,1280383,391,391.24076117877644,1,0,0,0,0,1
0,1,151,69,2,35,570919,570183,3398,3398.297247377811,0,0,0,0,0,2
0,1,158,219,113,156,311128,310530,2385,2385.4584018213272,0,0,0,0,0,2
0,1,121,179,1110,1118,1170828,1169316,317,317.56903458817584,0,1,0,0,0,1
0,1,140,37,42,220,1751381,1750182,6709,6709.529795582627,0,0,1,0,0,1
0,1,122,38,15,34,1060461,1060818,232,232.2796153463596,0,0,0,0,0,2
0,1,118,44,1032,1062,68032,68559,934,934.0706461705144,0,0,0,0,0,2
0,1,146,97,625,636,2056363,2055870,740,740.2828407203402,0,0,0,0,1,1
1,0,127,83,1471,1482,1144636,1143962,425,425.78685241367,0,0,0,0,0,1
1,0,159,74,210,230,1066477,1066911,288,288.12889689195305,0,0,0,0,0,2
0,1,140,45,965,976,656906,658120,498,498.2137943098259,0,0,0,0,0,2
0,1,148,44,1304,1312,2370044,2368644,170,170.957342296625,0,0,0,0,1,1
0,1,143,37,8,224,334209,333761,21243,21243.43375454503,0,0,1,0,0,1
0,1,126,41,45,213,2120116,2120070,6311,6311.8534115184575,0,0,1,0,0,1
1,0,126,65,873,883,4048478,4047912,296,296.3772212977005,0,0,0,0,0,1
1,0,119,74,138,154,1732769,1733775,329,329.0471630790923,0,0,0,0,0,2
1,0,139,68,166,174,303434,302202,94,94.08730602691124,0,1,0,0,0,1
0,1,120,41,38,52,132458,133194,917,917.1093838326799,1,0,0,0,0,1
0,1,129,43,1333,1334,1683863,1682406,279,279.3348190708118,0,0,0,0,1,1
1,0,114,74,41,48,1508938,1508168,367,367.71307209563145,0,1,0,0,0,1
1,0,136,84,1071,1093,2994044,2994327,133,133.5002725982836,0,0,0,0,0,1
1,0,131,68,108,118,2311145,2312244,111,111.27616675803296,0,0,0,0,0,2
0,1,178,95,114,123,103463,104064,220,220.20890099081723,0,0,0,0,0,2
1,0,127,75,1045,1061,4019638,4019890,308,308.5034175116878,0,0,0,0,0,1
1,0,138,72,770,777,4158058,4157756,403,403.7094401167669,1,0,0,0,0,1
0,1,127,173,1202,1210,1247003,1245811,568,568.0335250506492,0,1,0,0,0,1
0,1,156,43,41,188,1935253,1934753,9711,9711.381963201606,0,0,1,0,0,1
0,1,125,43,52,175,248708,250567,3660,3660.4040854167724,0,0,1,0,0,1
0,1,113,104,1344,1354,106662,105700,116,116.68427588517689,1,0,0,0,0,1
1,0,143,64,206,229,1095031,1093358,218,218.8432549338634,0,0,0,0,0,2
0,1,156,43,123,147,204090,204096,357,357.6044230514218,0,0,0,0,0,2
0,1,137,71,220,233,3094170,3093810,347,347.94271132690346,0,0,0,0,0,2
0,1,143,43,43,193,1438045,1436920,12416,12416.08055522387,0,0,1,0,0,1
0,1,125,44,14,33,1023542,1025130,341,341.731713596746,0,0,0,0,0,2
0,1,146,45,110,194,1541478,1540999,1885,1885.1576125278798,0,0,1,0,0,1
1,0,107,74,16,27,2857299,2857888,322,322.81595229044717,0,1,0,0,0,1
0,1,161,43,44,192,1565445,1565268,13120,13120.275896355191,0,0,1,0,0,1
1,0,146,55,515,525,3406012,3405980,171,171.5863257349976,0,0,0,0,0,1
1,0,126,69,197,207,81799,82236,210,210.184028571886,0,1,0,0,0,1
1,0,137,70,56,70,1712675,1714105,299,299.8052011857451,0,1,0,0,0,1
0,1,131,44,658,663,1465754,1464746,148,148.4437777293166,0,0,0,0,0,2
0,1,177,201,1009,1013,53842,53214,315,315.8062148157243,0,0,0,0,0,2
1,0,109,97,1606,1612,1193826,1195423,329,329.5652989995029,1,0,0,0,0,1
0,1,140,99,621,626,2224749,2224640,342,342.5654073866647,0,0,0,0,1,1
0,1,140,41,362,392,2839154,2839763,1299,1299.7327299812105,0,0,0,0,0,1
0,1,140,38,44,214,2052875,2052354,6598,6598.543103556807,0,0,1,0,0,1
1,0,131,67,142,159,1093523,1093873,221,221.7691000846986,0,1,0,0,0,1
0,1,134,199,46,52,86882,86044,242,242.89814900916437,1,0,0,0,0,1
0,1,128,41,90,212,7275785,7276617,4289,4289.449943640994,0,0,1,0,0,1
0,1,161,41,248,276,244484,244169,311,311.30293870891296,0,0,0,0,0,2
0,1,137,35,1141,1153,4083172,4083255,419,419.3357705247019,0,0,0,0,0,2
1,0,109,79,1613,1621,1671415,1671148,94,94.61921812384139,0,0,0,0,0,2
0,1,148,45,566,569,889061,888357,105,105.25594983213387,0,0,0,1,0,1
0,1,155,70,783,805,1046097,1046636,432,432.2204009529404,0,0,0,0,0,2
0,1,105,44,844,856,7527,7453,260,260.8691954055342,0,0,0,0,0,2
0,1,132,41,39,220,1658401,1658554,6853,6853.767608157742,0,0,1,0,0,1
0,1,122,39,45,221,2984853,2986379,7080,7080.207379771569,0,0,1,0,0,1
0,1,154,42,42,194,1853573,1854043,11093,11093.319025379162,0,0,1,0,0,1
0,1,118,182,1274,1283,167115,167043,495,495.03715250609997,0,0,0,0,0,2
1,0,140,68,1544,1566,1312798,1312121,51,51.55146919992625,0,0,0,0,0,2
0,1,144,47,780,787,1292996,1292413,182,182.05902508191105,0,0,0,1,0,1
0,1,157,44,1114,1128,4349604,4349479,248,248.4089726105232,0,0,0,0,0,1
0,1,140,90,13,23,1743172,1742353,248,248.6347990454462,1,0,0,0,0,1
1,0,99,70,13,22,204227,204967,234,234.8770835748201,0,1,0,0,0,1
1,0,174,72,18,41,2133565,2133026,263,263.4614039239653,0,0,0,0,0,2
1,0,157,66,1428,1456,5898889,5897422,285,285.89666840571533,0,0,0,0,1,1
0,1,112,216,116,137,114480,115786,687,687.0243876930132,0,0,0,0,0,2
0,1,161,65,894,946,2008561,2008084,488,488.6512112285753,0,0,0,0,0,2
0,1,163,35,1,231,307555,309667,25613,25613.804611271884,0,0,1,0,0,1
1,0,117,67,1635,1659,2987928,2987046,1258,1258.1747027776278,0,0,0,0,0,1
0,1,138,36,1333,1333,1508163,1509233,85,85.98172161980672,0,0,0,0,0,2
0,1,145,41,62,182,238360,239553,3473,3473.183698647167,0,0,1,0,0,1
1,0,141,81,560,595,275063,274940,591,591.6405567894536,0,0,0,0,0,1
1,0,150,69,1302,1311,1439723,1439295,300,300.62800546994794,0,0,0,0,0,1
1,0,147,145,969,978,1218518,1219560,348,348.74958616882907,0,0,0,0,0,1
0,1,158,40,43,220,1149484,1150815,17137,17137.05898718253,0,0,1,0,0,1
0,1,152,98,621,636,2095227,2096330,1110,1110.8899025476655,0,0,0,0,1,1
1,0,129,73,1289,1293,1715409,1715320,266,266.3081784060109,0,0,0,0,0,1
1,0,132,63,41,49,1134416,1135850,95,95.11490080972047,0,0,0,0,0,2
0,1,135,205,840,853,231928,231031,271,271.85749657530465,0,0,0,0,0,1
0,1,122,75,1164,1178,465815,465790,266,266.9040318182242,0,0,0,0,0,1
0,1,217,45,144,153,236183,236660,320,320.8251266686859,0,0,1,0,0,1
0,1,132,37,42,217,2422015,2422133,5751,5751.583566559512,0,0,1,0,0,1
0,1,139,44,13,874,140519,139688,15326,15326.185402531759,0,0,1,0,0,1
0,1,159,38,1024,1035,720741,720598,354,354.48037020426773,0,0,0,0,0,2
0,1,128,53,1293,1306,3627151,3626690,163,163.5698714430613,0,0,0,0,0,1
0,1,137,43,166,172,2891386,2891247,205,205.17811239240436,1,0,0,0,0,1
1,0,117,72,29,36,2457724,2458099,410,410.5670986022116,0,1,0,0,0,1
0,1,142,69,1181,1210,360064,360587,1603,1603.6943356216766,0,0,0,0,0,2
0,1,152,199,73,89,273140,272358,327,327.6100444236985,0,0,0,0,0,2
0,1,117,297,239,273,182713,182478,800,800.3345472185596,0,0,0,0,0,2
1,0,141,97,1272,1288,1953894,1954954,239,239.14221114837883,0,0,0,0,0,1
0,1,158,57,1193,1204,141432,142585,257,257.7312202874517,0,0,0,0,0,2
1,0,142,74,128,148,874989,874533,663,663.5373256905998,0,1,0,0,0,1
1,0,144,80,764,775,1518556,1519641,151,151.35328670887543,0,0,0,0,0,2
0,1,157,40,367,425,290376,289784,575,575.3697515543678,0,0,0,0,0,2
0,1,164,54,599,609,1645916,1646146,165,165.62234286142797,0,0,0,1,0,1
1,0,142,72,1113,1122,2817234,2818572,170,170.25785104563343,0,0,0,0,0,2
1,0,172,65,18,26,1619692,1620144,335,335.795070489566,1,0,0,0,0,1
0,1,136,179,1226,1236,88910,87105,109,109.74506689931133,0,0,0,0,0,1
0,1,128,52,572,581,1163228,1162918,93,93.22850621039116,0,0,0,1,0,1
0,1,135,44,42,220,2839690,2840099,6647,6647.862742922777,0,0,1,0,0,1
1,0,149,64,205,226,920191,921939,107,107.31062292003708,0,0,0,0,0,1
0,1,101,90,1687,1700,150295,150693,293,293.9716957452075,1,0,0,0,0,1
0,1,118,50,682,692,564831,563895,257,257.37170632319004,0,0,0,0,0,1
1,0,145,74,38,53,50522,50092,493,493.3203895140528,0,1,0,0,0,1
1,0,144,66,82,94,1146121,1146716,259,259.5108398459921,0,0,0,0,0,2
1,0,128,77,1351,1365,663026,662971,168,168.06877850502576,0,0,0,0,0,1
0,1,178,105,104,117,207204,209102,249,249.04911971957327,0,0,0,0,0,2
1,0,151,69,4,29,1359033,1359426,190,190.1864979533836,0,0,0,0,0,2
0,1,125,40,654,667,11149597,11150879,389,389.1158735721274,0,0,0,0,0,1
0,1,111,299,257,275,232113,231708,459,459.9647360237982,0,0,0,0,0,2
0,1,121,36,1003,1025,28802,29835,179,179.13493867067479,0,0,0,0,0,2
1,0,135,303,376,389,429052,427514,81,81.87474014037544,0,0,0,0,0,2
1,0,109,203,1282,1294,396558,396603,264,264.5238490382584,0,0,0,0,0,2
0,1,128,41,46,218,1668842,1669476,6639,6639.405622764665,0,0,1,0,0,1
1,0,212,67,1509,1554,1791773,1791443,113,113.13447183805212,0,0,0,0,0,2
1,0,103,74,1677,1691,1847041,1847143,284,284.73623224285154,0,0,0,0,0,2
0,1,209,205,101,112,108197,107804,141,141.5548610785647,0,0,0,0,0,2
0,1,145,40,817,843,66712,65446,1714,1714.806535634999,1,0,0,0,0,1
0,1,137,45,42,222,2001809,2002056,7154,7154.508821519731,0,0,1,0,0,1
1,0,135,85,367,400,3866734,3866272,925,925.9442178488733,0,0,0,0,0,2
1,0,121,71,993,1003,1972681,1973949,307,307.43271013497815,0,0,0,0,0,1
0,1,138,146,87,92,844294,845109,429,429.7584656274617,1,0,0,0,0,1
1,0,122,71,21,34,2836456,2837622,394,394.5607842366516,0,1,0,0,0,1
1,0,142,102,216,230,9495736,9496174,94,94.90412495923282,0,0,0,0,0,2
0,1,157,41,1254,1280,2371209,2370896,468,468.8988092957221,0,0,0,0,0,2
1,0,174,70,14,23,1460987,1461959,531,531.360602621109,1,0,0,0,0,1
1,0,108,83,1539,1561,626122,625150,498,498.34407635142793,0,0,0,0,0,1
0,1,153,53,757,765,1110262,1111198,253,253.33845492588944,0,0,0,1,0,1
0,1,125,35,88,219,7324824,7326213,4527,4527.458537337992,0,0,1,0,0,1
0,1,148,42,1327,1334,1433021,1431824,283,283.34495395013016,0,0,0,0,0,2
0,1,137,45,1363,1380,822016,820846,184,184.57977861849736,0,0,0,0,0,2
0,1,137,299,1579,1596,178189,178244,294,294.69343184584983,0,0,0,0,0,2
0,1,130,69,894,910,3263932,3265089,544,544.1744915512737,0,0,0,0,0,2
1,0,133,67,1133,1145,643015,644155,143,143.70604045215202,0,0,0,0,0,1
1,0,129,69,514,529,1261040,1260523,298,298.00642203266614,0,0,0,0,0,2
0,1,132,36,40,218,2662728,2662616,6793,6793.194604671889,0,0,1,0,0,1
0,1,144,38,860,872,531532,531291,88,88.33034345380885,0,0,0,0,0,2
1,0,116,73,42,60,1940576,1939557,209,209.89236245594563,0,1,0,0,0,1
0,1,137,43,305,341,903736,903977,1231,1231.5738482870388,0,0,0,0,0,2
1,0,131,97,1246,1268,1349788,1349987,403,403.150807032276,0,0,0,0,0,1
0,1,135,40,923,929,1862942,1863356,120,120.46585534853287,0,0,0,0,0,1
1,0,141,70,109,121,1159878,1159597,133,133.25177340039824,0,1,0,0,0,1
1,0,115,57,1560,1576,1659074,1658748,263,263.0429402001705,0,0,0,0,0,1
1,0,118,85,1105,1133,2241187,2241216,346,346.8879641795557,0,0,0,0,0,2
0,1,146,39,40,212,861772,862456,17440,17440.21917905485,0,0,1,0,0,1
1,0,135,67,450,524,1699713,1699522,929,929.6695560809918,0,1,0,0,0,1
0,1,131,45,42,212,1462898,1462882,6511,6511.055862691191,0,0,1,0,0,1
0,1,209,35,734,752,177957,176709,376,376.5863308843318,0,0,1,0,0,1
1,0,126,74,87,101,1399768,1398117,291,291.07414175387737,0,1,0,0,0,1
0,1,128,38,450,552,2212208,2211677,374,374.1221903649947,0,0,0,0,0,2
1,0,126,56,28,38,2090886,2090124,223,223.1047018016939,0,0,0,0,0,1
0,1,230,42,572,586,155325,155651,362,362.6531001850282,0,0,1,0,0,1
1,0,128,71,160,172,320030,318809,308,308.80027282117794,0,1,0,0,0,1
0,1,127,44,1093,1132,2311139,2311905,363,363.1488220869474,0,0,0,0,0,2
1,0,136,68,231,249,790180,790499,1169,1169.7148058185528,0,1,0,0,0,1
1,0,159,85,559,576,1976018,1975753,98,98.85679566599497,0,0,0,0,0,1
1,0,136,72,1203,1220,75930,76051,255,255.68223939350526,0,0,0,0,0,1
1,0,135,75,109,120,2127278,2126902,348,348.1069219037463,0,1,0,0,0,1
0,1,127,41,45,219,2275771,2276735,6592,6592.936171498791,0,0,1,0,0,1
1,0,139,145,375,389,518852,520108,415,415.4565502223096,1,0,0,0,0,1
1,0,127,68,1073,1091,432569,433913,355,355.33695740112404,0,0,0,0,0,1
0,1,121,45,829,841,127908,129190,868,868.0224904363496,0,0,0,0,1,1
0,1,133,40,193,194,1729548,1728731,3,3.445292526452882,0,0,1,0,0,1
0,1,137,297,1587,1603,211767,210477,388,388.65670097432246,0,0,0,0,0,2
0,1,146,100,618,624,2163403,2164116,332,332.36589208714713,0,0,0,0,1,1
1,0,120,79,696,714,1445861,1445573,211,211.24050673869894,0,0,0,0,0,1
0,1,147,44,45,193,2214718,2215637,4956,4956.101924273293,0,0,1,0,0,1
0,1,133,203,48,63,323144,323211,325,325.2467436643707,0,0,0,0,0,2
1,0,131,72,1412,1424,1164943,1165188,232,232.60771649783067,0,0,0,0,0,1
1,0,106,102,824,832,176738,177502,276,276.2121693709893,0,0,0,0,0,2
0,1,145,44,46,196,1541675,1540956,12273,12273.727278339707,0,0,1,0,0,1
0,1,176,95,112,119,90236,91321,413,413.73862943181393,0,0,0,0,0,2
1,0,149,72,8,23,22197,20551,290,290.0183350491634,0,1,0,0,0,1
1,0,130,100,1003,1028,154526,154643,135,135.37381441297285,0,0,0,1,0,1
1,0,145,71,463,537,1082309,1082191,7758,7758.929502813077,0,1,0,0,0,1
1,0,91,77,1608,1613,1996042,1995015,353,353.6544577034044,0,0,0,0,0,2
0,1,139,35,646,744,942524,943206,720,720.4493774497645,0,0,0,0,0,2
1,0,138,67,178,188,1835113,1835871,207,207.79960815024765,0,1,0,0,0,1
1,0,114,69,24,33,2811888,2811931,334,334.123024075131,0,1,0,0,0,1
1,0,137,97,707,728,1715198,1715139,622,622.5268143064789,0,0,0,0,0,2
1,0,123,50,701,745,1504004,1503585,249,249.63126562212693,0,0,0,0,0,1
1,0,156,124,782,805,1688587,1689059,4864,4864.145308205755,0,0,0,0,0,2
0,1,144,37,482,492,2101278,2101212,273,273.50367998887236,0,0,0,0,0,1
0,1,159,44,46,223,1018800,1019741,16245,16245.038808326413,0,0,1,0,0,1
1,0,134,73,57,81,1809495,1810433,129,129.13497040944043,0,1,0,0,0,1
0,1,134,39,51,182,378422,378174,4177,4177.165151232528,0,0,1,0,0,1
1,0,120,96,1504,1513,894075,893920,239,239.55595412705995,1,0,0,0,0,1
1,0,94,147,1677,1686,570443,569651,86,86.38303358468984,0,0,0,0,0,2
0,1,124,36,1326,1331,1484047,1485084,111,111.27809639135374,0,0,0,0,0,2
0,1,138,44,897,907,727650,725713,107,107.07539482827758,0,0,0,0,0,1
1,0,136,55,532,545,3580570,3582196,292,292.1652857391199,0,0,0,0,0,1
1,0,151,98,300,307,854302,854047,291,291.4342802071973,0,0,0,0,0,2
1,0,126,196,68,82,3859977,3858873,367,367.03202338688254,0,0,0,0,0,1
0,1,151,50,691,696,1480631,1482113,66,66.17783042917934,0,0,0,1,0,1
0,1,144,43,1329,1333,1737210,1737553,138,138.93171661401195,0,0,0,0,1,1
0,1,127,40,500,529,3889333,3888651,1226,1226.1289854865074,0,0,0,0,0,1
0,1,111,42,1373,1380,980951,980507,343,343.03619283278846,0,0,0,0,0,2
0,1,129,183,76,79,472565,471999,464,464.31453748677023,0,0,0,0,0,2
0,1,151,44,43,189,46890,47161,5882,5882.647765384677,0,0,1,0,0,1
0,1,142,41,23,27,1710123,1708995,313,313.58165145677873,0,0,0,0,0,1
0,1,135,43,41,210,4384295,4384658,5636,5636.632288316882,0,0,1,0,0,1
1,0,95,75,5,20,2445331,2445473,319,319.4901683315498,0,1,0,0,0,1
1,0,131,83,1271,1286,572415,571290,415,415.7366260205105,0,0,0,0,0,1
0,1,141,39,314,322,10392471,10390972,138,138.04015590103944,0,0,0,0,0,1
0,1,160,37,44,218,1039118,1039639,15081,15081.538648041744,0,0,1,0,0,1
1,0,125,58,1531,1544,1758580,1758358,213,213.19550545541574,0,0,0,0,0,1
1,0,154,101,1551,1581,2071041,2070787,281,281.15774041143544,0,0,0,0,0,2
0,1,137,46,301,312,1693100,1693500,197,197.94024206620645,0,0,0,1,0,1
0,1,144,49,957,963,1261128,1261434,224,224.0778706734615,0,0,0,1,0,1
1,0,118,69,13,22,2294395,2293970,189,189.29631889323014,0,1,0,0,0,1
1,0,125,73,282,306,2109223,2110189,150,150.95688529711225,0,1,0,0,0,1
0,1,218,44,1063,1071,116916,116806,295,295.6580011812575,0,0,1,0,0,1
0,1,141,41,1328,1334,1581624,1582055,377,377.6002066326791,0,0,0,0,1,1
0,1,143,45,46,202,621859,622494,6398,6398.687352320225,0,0,1,0,0,1
0,1,131,44,43,203,686041,686625,6378,6378.9621582414065,0,0,1,0,0,1
1,0,139,74,135,142,645880,645858,258,258.5853725477054,0,1,0,0,0,1
1,0,144,73,829,849,1564113,1565044,293,293.0142995882478,0,1,0,0,0,1
0,1,128,39,864,871,10624901,10624754,77,77.19400304634576,0,0,0,0,0,2
0,1,214,201,1156,1168,22402,23663,189,189.94412943106184,0,0,0,0,0,2
1,0,143,55,454,460,1009081,1010595,143,143.95548751988605,1,0,0,0,0,1
1,0,116,68,458,522,2871387,2872226,600,600.3835042510001,0,0,0,0,0,2
1,0,126,68,153,166,1989428,1990349,100,100.29227765135907,0,1,0,0,0,1
0,1,144,46,1238,1242,1668004,1666772,311,311.60607083238517,0,0,0,1,0,1
1,0,150,75,179,195,334545,333801,214,214.34080808292907,0,1,0,0,0,1
1,0,110,97,818,825,120747,120218,340,340.1844909967647,0,0,0,0,0,1
0,1,129,57,1204,1220,289760,289895,153,153.71132307623563,0,0,0,0,0,2
1,0,123,73,84,95,1335528,1334818,170,170.21563047970574,0,1,0,0,0,1
1,0,130,70,1255,1268,2860241,2859407,362,362.8044635068266,0,0,0,0,0,2
1,0,127,74,1032,1049,621475,620979,372,372.57974612378655,0,0,0,0,0,1
0,1,134,36,416,443,2887435,2887326,467,467.65032836084566,0,0,1,0,0,1
0,1,134,35,1253,1260,459556,458616,132,132.88269258350812,1,0,0,0,0,1
0,1,185,100,17,34,20460,21567,274,274.3425266449927,0,0,0,0,0,2
0,1,128,36,14,22,1270267,1270336,269,269.8126180038265,0,0,0,0,0,2
0,1,137,98,615,623,2189002,2188153,290,290.49559592707374,0,0,0,0,1,1
0,1,111,102,1266,1280,31256,32113,302,302.01946322487794,1,0,0,0,0,1
0,1,140,68,1055,1067,1314125,1315136,666,666.5007200821198,0,0,0,0,0,2
0,1,138,42,519,630,982516,981256,1035,1035.4377941681953,0,0,0,0,0,2
0,1,121,43,14,22,1133402,1132672,202,202.2811283244709,0,0,0,0,0,2
0,1,156,200,80,86,183368,183588,422,422.3757834759287,1,0,0,0,0,1
1,0,251,83,94,136,907404,907096,686,686.3985205510068,0,0,0,0,0,1
0,1,125,200,5,12,464915,463720,191,191.3385748579819,0,0,0,0,0,2
0,1,129,199,55,63,258922,259437,277,277.8926322750643,0,0,0,0,0,2
1,0,144,70,215,228,1761531,1761633,318,318.950319193566,0,1,0,0,0,1
1,0,118,103,910,919,1047538,1046205,173,173.34941341556353,0,0,0,0,0,2
1,0,107,69,0,15,677313,676440,968,968.9969287907662,0,1,0,0,0,1
0,1,162,36,1015,1037,3981374,3982548,271,271.695938881906,0,0,0,0,0,2
0,1,139,42,475,483,10439787,10441256,251,251.27093585989178,0,0,0,0,0,2
1,0,128,66,333,348,2076167,2076121,157,157.0286394249094,0,0,0,0,0,2
1,0,124,199,605,646,4440845,4441343,1104,1104.8391629794917,0,0,0,0,0,1
1,0,150,104,773,805,2240907,2241363,209,209.29401616074273,0,0,0,0,0,2
1,0,120,73,64,83,288045,288414,541,541.6094701258734,0,1,0,0,0,1
0,1,139,86,7,18,1137642,1136650,344,344.3641406223285,1,0,0,0,0,1
1,0,83,72,1685,1692,990762,990045,178,178.69417487856825,0,0,0,0,0,1
1,0,73,71,55,64,585684,585411,358,358.62789155081873,0,1,0,0,0,1
1,0,123,72,1335,1343,1639188,1639427,156,156.9592702841315,0,0,0,0,0,2
1,0,127,103,34,44,914075,913916,289,289.1265639036402,1,0,0,0,0,1
1,0,114,60,1631,1637,2637743,2637629,138,138.5764289464339,0,0,0,0,0,1
0,1,186,41,921,932,562137,561111,234,234.23564565097072,0,0,1,0,0,1
0,1,120,117,3,20,55607,54791,483,483.3561334680179,0,0,0,0,1,1
1,0,102,80,1579,1590,2064520,2063020,379,379.79222435393984,0,0,0,0,0,2
0,1,130,44,1135,1147,5799127,5798541,315,315.42553925615107,0,0,0,0,0,1
1,0,152,99,1138,1141,288921,288766,256,256.05132986716677,0,0,0,0,0,1
1,0,133,78,272,281,1785690,1786800,254,254.65388894201277,0,0,0,0,0,1
1,0,126,58,122,131,1566064,1566257,345,345.9198752785788,0,0,0,0,0,1
1,0,81,302,43,56,141165,142142,193,193.3192855588562,0,0,0,0,0,2
1,0,131,68,359,467,903119,903518,6052,6052.072563056931,0,0,0,0,0,2
0,1,151,45,847,858,188960,189910,199,199.33621187592362,0,0,0,0,0,2
1,0,142,75,166,181,1293431,1294420,389,389.1392372957939,0,0,0,0,0,1
0,1,142,40,45,187,398331,398307,4698,4698.910673258844,0,0,1,0,0,1
1,0,157,66,465,491,1226064,1226560,528,528.5730052329841,0,1,0,0,0,1
1,0,123,74,1363,1372,3041516,3041260,309,309.36296904333784,0,0,0,0,0,2
0,1,141,41,1111,1124,2497577,2496868,389,389.28000420280574,0,0,0,0,0,2
0,1,151,41,1233,1272,4016124,4015844,403,403.92210549552476,0,0,0,0,0,2
1,0,139,101,1268,1273,750388,751154,260,260.669657255778,0,1,0,0,0,1
0,1,120,95,1285,1292,212597,212921,224,224.8537411603942,0,0,0,0,0,2
1,0,121,66,13,24,2631966,2633341,251,251.71210991020138,0,1,0,0,0,1
1,0,151,63,541,549,1294901,1294032,158,158.53937143644256,0,0,0,0,0,1
0,1,136,58,235,243,1384666,1385427,204,204.6656826458668,0,0,0,0,0,2
1,0,149,56,133,143,2244403,2243556,103,103.64157215041726,0,0,0,0,0,1
0,1,151,75,1154,1183,371274,371843,1367,1367.71018113938,0,0,0,0,0,2
0,1,131,121,1326,1337,68456,68728,378,378.8323197900006,0,0,0,0,1,1
1,0,142,98,1559,1588,2376424,2375130,603,603.8902951624963,0,0,0,0,0,2
0,1,133,172,975,985,73986,73844,297,297.1677559212289,0,0,0,0,0,2
1,0,128,69,73,92,1965535,1964743,348,348.086705300976,0,1,0,0,0,1
1,0,123,71,56,92,1578414,1578884,1732,1732.3997496359673,0,1,0,0,0,1
1,0,136,72,1341,1348,1184242,1185204,167,167.66422078467144,0,1,0,0,0,1
0,1,160,37,43,207,2133692,2133374,11595,11595.342914001298,0,0,1,0,0,1
1,0,115,299,836,887,282998,282706,534,534.0382696655424,0,0,0,0,0,2
0,1,135,36,147,178,386829,387614,336,336.96741014093055,0,0,0,0,0,2
1,0,130,75,782,801,535044,533121,168,168.91260559687504,0,0,0,0,0,1
0,1,151,51,1229,1235,223434,224565,84,84.47014209093436,0,0,0,1,0,1
0,1,151,72,1270,1307,213146,214900,356,356.3727227617725,0,0,0,0,0,2
0,1,162,46,1097,1105,1505818,1505930,209,209.7210055484509,0,0,0,1,0,1
1,0,140,64,1291,1301,1695778,1696300,323,323.84963997610197,0,0,0,0,0,1
1,0,142,98,28,36,3213644,3213145,340,340.6979225677866,0,0,0,0,0,2
0,1,144,47,1237,1243,1681358,1681308,51,51.31468249866555,0,0,0,1,0,1
1,0,120,299,911,922,344989,344042,265,265.44305949837155,0,0,0,0,0,2
0,1,131,45,51,179,260215,259515,3898,3898.9707978502915,0,0,1,0,0,1
1,0,140,84,61,84,1023899,1023702,492,492.27553927179486,0,0,0,0,0,1
0,1,124,85,1470,1493,1771335,1770970,945,945.1428606276974,1,0,0,0,0,1
0,1,124,41,45,215,4439783,4440076,5895,5895.1362233141745,0,0,1,0,0,1
1,0,112,70,386,410,439128,439223,524,524.9827502510553,0,1,0,0,0,1
0,1,119,40,43,216,2212061,2213039,6350,6350.114946259433,0,0,1,0,0,1
1,0,116,301,985,993,507759,508903,233,233.03502030394822,0,0,0,0,0,2
0,1,139,37,133,160,86349,86646,566,566.3176373254336,0,0,1,0,0,1
1,0,149,75,1013,1025,1067704,1067730,122,122.33137386204093,0,0,0,0,0,1
1,0,140,67,487,513,1458006,1457610,420,420.29949228828883,0,1,0,0,0,1
0,1,133,38,365,376,1083978,1083502,303,303.4276096196148,0,0,0,0,0,2
0,1,187,153,190,203,210179,211606,197,197.29026675889293,1,0,0,0,0,1
0,1,141,42,100,177,910150,909098,2212,2212.148792649363,0,0,1,0,0,1
0,1,146,186,164,175,253748,252403,296,296.8208068272171,0,0,0,0,0,2
0,1,145,42,603,610,2381669,2382213,288,288.90995699541645,0,0,0,0,0,2
0,1,126,115,1327,1335,76307,74965,468,468.6236270768458,0,0,0,0,1,1
0,1,153,205,1,17,431404,431744,340,340.0717644699364,0,0,0,0,0,2
1,0,149,146,350,357,348869,349211,293,293.18900769817867,0,0,0,0,0,2
1,0,127,75,46,54,270063,270451,466,466.09612733108384,1,0,0,0,0,1
0,1,133,36,254,374,3629316,3629394,6352,6352.235866758117,0,0,1,0,0,1
0,1,143,42,5,830,467652,469397,20752,20752.149797712766,0,0,1,0,0,1
0,1,140,49,937,945,3020969,3020533,263,263.7703954467468,0,0,0,0,0,1
1,0,138,74,726,734,3858182,3857498,211,211.56841879284013,0,0,0,0,0,1
1,0,142,80,535,542,508659,507860,322,322.11357471625615,0,0,0,0,0,2
0,1,148,130,1365,1373,2095124,2094205,302,302.5798826043823,1,0,0,0,0,1
1,0,150,67,881,892,1251891,1252866,163,163.55407531669056,0,0,0,0,0,2
1,0,130,61,958,967,731011,732221,65,65.45478814891004,0,0,0,0,0,1
0,1,100,45,208,344,55138,55102,3449,3449.908707257937,0,0,1,0,0,1
0,1,142,55,428,433,1443424,1443988,114,114.51848072064142,0,0,0,1,0,1
1,0,132,81,552,602,1211436,1211213,993,993.7720407004656,0,0,0,0,0,2
0,1,156,36,5,441,408689,408531,24652,24652.53741274218,0,0,1,0,0,1
0,1,206,41,717,725,252192,251788,260,260.961695494688,0,0,1,0,0,1
0,1,149,45,41,178,2627223,2627921,8055,8055.973835969517,0,0,1,0,0,1
1,0,113,77,1100,1118,2293047,2293213,339,339.5370916020309,0,0,0,0,0,2
1,0,121,67,76,82,2615206,2616111,303,303.4950076291449,0,0,0,0,0,2
0,1,137,204,419,429,260629,261117,449,449.22037336853015,0,0,0,0,0,2
0,1,144,134,1170,1177,744558,745004,216,216.47566212427694,0,0,0,0,0,2
1,0,94,65,1682,1692,1248159,1247639,171,171.66506967086582,0,0,0,0,0,2
0,1,154,48,626,630,1388331,1387214,22,22.222823402042316,0,0,0,1,0,1
1,0,139,66,177,183,1071544,1072068,367,367.897757579658,0,1,0,0,0,1
0,1,138,45,278,293,1150992,1151823,334,334.5149494027936,0,0,0,0,0,2
0,1,126,45,41,218,1804144,1803595,6847,6847.712523082241,0,0,1,0,0,1
1,0,145,68,1148,1160,464718,464569,279,279.4428507752278,0,1,0,0,0,1
1,0,113,71,154,161,2367667,2368066,191,191.9400947761833,0,0,0,0,0,2
0,1,131,40,1087,1172,1803819,1803296,1179,1179.7717241578187,0,0,0,0,0,1
1,0,107,72,28,56,908971,908523,2615,2615.6296885892734,0,1,0,0,0,1
1,0,134,83,217,231,237559,237894,197,197.9259859215174,0,0,0,0,0,2
0,1,145,170,98,174,338028,339072,675,675.7005662197288,0,0,0,0,0,2
0,1,145,39,702,721,7155727,7155813,366,366.8508506429972,0,0,0,0,0,1
0,1,126,71,5,16,438903,438141,305,305.2961595300564,0,0,0,0,0,2
0,1,129,45,1580,1591,3884341,3885072,551,551.0702470604391,1,0,0,0,0,1
0,1,127,44,375,388,1058995,1058767,380,380.4377849436657,0,0,0,0,0,2
0,1,140,43,43,186,2461273,2461054,5449,5449.984775347641,0,0,1,0,0,1
0,1,205,98,40,61,15691,16392,325,325.2553406235776,0,0,0,0,0,2
1,0,98,73,10,32,719263,719476,1207,1207.389047901527,0,1,0,0,0,1
0,1,151,104,629,638,1971100,1971687,957,957.5842864464339,0,0,0,0,1,1
0,1,122,35,42,207,4650503,4650737,6052,6052.056334799153,0,0,1,0,0,1
1,0,136,60,909,916,414309,415786,59,59.28747448678351,0,0,0,0,0,1
0,1,194,102,111,123,67719,68898,217,217.56092673047442,0,0,0,0,0,2
0,1,132,36,43,215,2233065,2233745,6571,6571.6540704536155,0,0,1,0,0,1
1,0,149,95,1309,1316,2634004,2634139,106,106.11689166146964,0,0,0,0,0,1
1,0,128,79,1603,1609,2932768,2931785,266,266.6499141442696,0,0,0,0,0,2
0,1,144,42,108,126,843568,843227,301,301.40055109065696,0,1,0,0,0,1
0,1,140,44,39,220,2201266,2200863,6222,6222.782845441842,0,0,1,0,0,1
0,1,115,91,1685,1695,297414,296695,425,425.36230356326666,1,0,0,0,0,1
1,0,144,83,1060,1082,3788009,3786743,220,220.68806477512408,0,0,0,0,0,1
1,0,131,85,537,546,3706894,3705761,250,250.03909545978587,0,0,0,0,0,1
0,1,140,42,1178,1276,115161,114335,1943,1943.9224848897009,0,0,0,0,0,2
1,0,152,102,171,186,1804832,1804211,253,253.26843494854566,0,0,0,0,0,2
0,1,183,41,938,946,626158,625650,107,107.78054205608547,0,0,1,0,0,1
1,0,154,72,1451,1468,5281394,5281942,312,312.0939575338434,0,0,0,0,0,2
1,0,84,67,11,45,697109,698104,2957,2957.3193108847986,0,1,0,0,0,1
1,0,135,66,134,161,411854,412529,850,850.8182586817358,0,1,0,0,0,1
0,1,121,44,43,216,2709870,2708103,6423,6423.7551281906,0,0,1,0,0,1
1,0,136,71,162,172,1010786,1010773,200,200.1648731862984,0,1,0,0,0,1
0,1,145,201,527,567,1055372,1053932,421,421.2899194099156,0,0,0,0,0,2
0,1,211,37,854,861,31163,31201,203,203.0741146020569,0,0,1,0,0,1
0,1,157,43,39,217,1051255,1051235,13072,13072.170530845951,0,0,1,0,0,1
0,1,148,38,43,207,920595,920281,6097,6097.275821082106,0,0,1,0,0,1
1,0,156,72,1345,1361,5550857,5550948,186,186.546586040223,0,0,0,0,0,1
0,1,144,197,53,82,313014,314044,2879,2879.682352940806,0,0,0,0,0,2
1,0,130,124,1042,1048,1337748,1338508,339,339.0733913752185,0,0,0,0,0,2
0,1,158,50,868,885,728258,727573,324,324.2530799394909,0,0,0,0,0,2
1,0,127,69,591,601,1752806,1751402,252,252.85897506363236,0,0,0,0,0,2
0,1,132,35,1097,1124,12805878,12807237,636,636.0498121914134,0,0,0,0,0,1
1,0,141,57,1009,1032,2314471,2314086,277,277.02549455307104,0,0,0,0,0,1
1,0,105,197,274,289,226913,225810,251,251.68355579236467,0,0,0,0,0,2
0,1,114,37,1359,1379,956402,956523,291,291.4548000794117,0,0,0,0,0,2
0,1,153,200,5,11,421198,421306,186,186.28338764911481,0,0,0,0,0,2
0,1,119,67,1364,1382,182982,183002,246,246.17428521762258,0,0,0,0,0,2
1,0,145,71,1423,1451,5922165,5921209,299,299.406686757281,0,0,0,0,1,1
1,0,136,75,759,771,3897375,3897375,206,206.37880267178846,0,0,0,0,0,1
0,1,153,39,45,193,2367975,2369130,10105,10105.151450708345,0,0,1,0,0,1
0,1,137,43,135,189,2638255,2638623,1869,1869.9488725497945,0,0,1,0,0,1
0,1,142,66,1028,1034,2928342,2927611,227,227.71562589283596,1,0,0,0,0,1
1,0,142,73,978,987,3148827,3149609,215,215.8008915713895,0,0,0,0,0,2
0,1,145,44,41,191,1612472,1612276,12525,12525.967950205193,0,0,1,0,0,1
0,1,157,132,377,382,303996,303324,223,223.96188928192012,0,0,0,0,0,2
0,1,139,190,1097,1110,75238,74364,267,267.8774015881735,0,0,0,0,0,2
1,0,142,72,70,106,149100,148232,719,719.8167150518303,0,1,0,0,0,1
0,1,141,36,1362,1375,4442773,4443150,218,218.67177505899804,0,0,0,0,0,2
0,1,136,204,211,225,138698,138163,246,246.886697396999,0,0,0,0,0,2
1,0,147,69,471,494,3881918,3881526,190,190.7793328109864,0,0,0,0,0,2
1,0,129,72,44,64,2216501,2217373,380,380.9510033917806,0,1,0,0,0,1
0,1,104,297,246,255,205308,205648,501,501.3863431763365,0,0,0,0,0,2
0,1,143,179,826,846,820305,820087,598,598.8240080694942,0,0,0,0,0,1
1,0,157,73,397,408,99395,98860,287,287.04121758762494,0,0,0,0,0,1
0,1,126,43,40,196,2265924,2265390,5856,5856.6919041913025,0,0,1,0,0,1
0,1,135,95,311,327,618516,618983,456,456.63269661135257,0,0,0,0,0,1
0,1,133,41,1202,1217,3495677,3495823,454,454.59131507758747,1,0,0,0,0,1
1,0,145,65,1358,1373,5876996,5877535,268,268.27746085347286,0,0,0,0,1,1
1,0,123,79,392,405,1349952,1348707,414,414.9961709647053,0,0,0,0,0,1
0,1,130,52,1261,1273,552993,553102,473,473.57699324765167,1,0,0,0,0,1
0,1,138,45,1324,1340,514788,514060,2318,2318.0848426627335,1,0,0,0,0,1
0,1,117,93,7,11,1798448,1798873,226,226.73407950041815,0,0,0,0,0,2
0,1,142,44,83,217,7306796,7306922,4581,4581.964952770401,0,0,1,0,0,1
0,1,128,85,12,25,1677688,1679091,421,421.4060009027418,1,0,0,0,0,1
1,0,104,75,5,17,1030720,1029594,830,830.3150689195968,0,0,0,0,0,2
1,0,125,68,339,352,2032707,2032550,147,147.8677600676156,0,0,0,0,0,2
0,1,136,173,952,957,851767,852859,283,283.9807666658552,0,0,0,0,0,1
1,0,148,73,145,155,1059850,1059460,136,136.28527871776586,0,1,0,0,0,1
1,0,136,70,147,153,1686619,1687521,150,150.65440279493671,0,1,0,0,0,1
0,1,152,36,40,182,2641684,2640984,5543,5543.009122917583,0,0,1,0,0,1
1,0,112,73,17,24,2057400,2057048,259,259.9230116938859,0,1,0,0,0,1
1,0,129,66,147,153,3986645,3985401,341,341.1511306450066,0,0,0,0,0,1
0,1,141,100,623,635,2122488,2122529,677,677.2905325728589,0,0,0,0,1,1
0,1,131,46,618,630,1397851,1397592,245,245.97793840155285,0,0,0,1,0,1
1,0,144,100,562,568,1131451,1131722,198,198.16944361720553,0,0,0,0,0,1
0,1,141,39,88,204,7656285,7656376,3752,3752.1568988246013,0,0,1,0,0,1
0,1,150,43,44,184,2552012,2553767,9070,9070.34265041727,0,0,1,0,0,1
1,0,128,81,1119,1156,1193887,1195315,1224,1224.1626118544646,0,0,0,0,0,2
0,1,149,39,40,191,2400557,2400821,8680,8680.290109082573,0,0,1,0,0,1
0,1,133,223,442,467,214956,214273,1358,1358.0078614143172,0,0,0,0,0,2
1,0,140,71,117,129,1537213,1537624,196,196.51365264078967,0,1,0,0,0,1
1,0,134,84,310,342,3744821,3744451,543,543.1164476976977,0,0,0,0,0,1
1,0,113,83,922,941,2252617,2252672,319,319.4436350434193,0,0,0,0,0,2
1,0,123,84,772,785,1607727,1609147,173,173.23826839985495,0,0,0,0,0,1
0,1,140,36,17,32,1002740,1004357,256,256.60825114232904,0,0,0,0,0,2
0,1,122,57,480,494,186232,185228,490,490.7773208607411,0,0,0,0,0,1
1,0,133,75,794,805,2534103,2532650,203,203.5626708673058,0,0,0,0,0,2
1,0,150,61,1357,1375,3378411,3379072,270,270.3209854429002,0,0,0,0,0,1
0,1,144,300,1566,1579,172343,172754,292,292.7605620914317,0,0,0,0,0,2
1,0,151,82,177,210,1776088,1776637,392,392.58690332140753,0,0,0,0,0,1
0,1,138,202,82,96,149432,149299,274,274.1597384840924,1,0,0,0,0,1
0,1,139,119,663,674,266746,265754,338,338.38957272279623,0,0,0,0,0,2
1,0,149,65,440,451,3579623,3578501,364,364.1605195037556,0,0,0,0,0,1
0,1,131,38,41,217,1638127,1637879,6430,6430.682080479854,0,0,1,0,0,1
0,1,139,132,408,421,945124,945437,204,204.68519810802812,0,0,0,0,0,2
0,1,149,89,759,767,486674,488534,342,342.1695276592061,1,0,0,0,0,1
0,1,145,185,1161,1174,32336,32337,316,316.304376158559,0,0,0,0,0,1
0,1,131,45,756,764,1362592,1363649,330,330.2295477644505,0,0,0,0,0,1
0,1,137,35,215,231,259466,260828,414,414.1179859942737,0,0,0,0,0,2
0,1,147,43,453,469,11742225,11742532,3470,3470.9136528604354,1,0,0,0,0,1
0,1,154,117,1232,1247,87170,86434,516,516.8445441831568,0,0,0,0,0,2
1,0,90,71,12,35,752432,751225,715,715.959211331139,0,1,0,0,0,1
1,0,266,99,365,1000,4600267,4601508,12097,12097.082130255965,0,0,0,0,0,2
1,0,116,73,439,447,530850,530261,337,337.21241658194157,0,1,0,0,0,1
0,1,147,39,47,182,103466,104113,4203,4203.276778901737,0,0,1,0,0,1
0,1,140,38,44,215,1484279,1484244,6418,6418.130084283902,0,0,1,0,0,1
1,0,137,80,1641,1667,768573,769757,424,424.94465159478216,0,0,0,0,0,1
1,0,123,69,2,4,223957,224929,321,321.1681053227125,0,0,0,0,0,2
0,1,127,42,322,338,4384514,4383219,687,687.631573059396,1,0,0,0,0,1
0,1,141,45,41,176,335620,335679,4396,4396.651897974618,0,0,1,0,0,1
0,1,159,177,511,525,835014,835309,146,146.3572249360355,0,0,0,0,0,2
0,1,134,97,621,633,2036296,2037011,771,771.8081412454477,0,0,0,0,1,1
0,1,128,39,45,218,2134558,2133200,6370,6370.686026348909,0,0,1,0,0,1
0,1,123,36,84,218,7261293,7262378,4156,4156.949772421605,0,0,1,0,0,1
1,0,120,105,1175,1187,2488928,2489090,182,182.5047126471274,0,0,0,0,0,1
0,1,135,42,340,352,394155,393670,503,503.75060410125775,0,0,0,0,0,1
0,1,135,36,1372,1381,930232,929919,214,214.44811893898984,0,0,0,0,0,2
0,1,115,40,1316,1324,4119283,4118813,264,264.52648527834873,0,0,0,0,0,1
0,1,169,202,2,17,158899,159782,256,256.3104065649969,0,0,0,0,0,2
0,1,138,41,1366,1385,1074297,1074066,163,163.75800277590625,0,0,0,0,0,2
0,1,91,86,1690,1698,247084,247395,549,549.4331066178204,1,0,0,0,0,1
1,0,123,79,185,195,399371,397922,226,226.7173576939174,0,0,0,0,0,1
0,1,147,215,926,931,639364,638177,117,117.93466253598547,1,0,0,0,0,1
1,0,158,83,1126,1142,33980,33605,88,88.02358339611949,0,0,0,0,0,1
1,0,140,101,30,36,3277572,3278777,230,230.95427886768036,0,0,0,0,0,2
1,0,118,68,706,722,619021,618877,340,340.8070917112601,0,1,0,0,0,1
0,1,127,38,46,184,200115,199052,4251,4251.946428500121,0,0,1,0,0,1
0,1,163,38,42,223,664516,663610,17944,17944.28825349883,0,0,1,0,0,1
1,0,114,69,513,530,351183,350865,283,283.27020216442224,0,1,0,0,0,1
1,0,115,66,1575,1593,3404191,3403019,514,514.4381675196647,0,0,0,0,0,1
0,1,163,98,410,415,194586,194852,317,317.26102013626974,0,0,0,0,0,2
0,1,137,41,39,196,1831682,1832201,11839,11839.793744057948,0,0,1,0,0,1
0,1,142,91,1400,1409,1109307,1109584,425,425.35713988613657,1,0,0,0,0,1
1,0,122,73,998,1014,1627415,1627335,323,323.7317254749883,0,0,0,0,0,1
1,0,125,75,1308,1327,3633632,3633917,591,591.863738930614,0,0,0,0,0,1
0,1,132,93,1584,1592,939914,939249,467,467.8153714805354,1,0,0,0,0,1
1,0,159,71,17,27,1378088,1378091,460,460.32742244448724,1,0,0,0,0,1
0,1,139,45,41,220,2648839,2649148,6332,6332.124602928154,0,0,1,0,0,1
0,1,127,91,1576,1587,690346,689558,1123,1123.415643688976,1,0,0,0,0,1
0,1,130,43,60,175,327919,327167,3493,3493.6570523352234,0,0,1,0,0,1
0,1,151,48,772,778,1263709,1264379,285,285.3707836173819,0,0,0,0,0,1
0,1,132,37,41,191,463521,462070,6470,6470.498906849229,0,0,1,0,0,1
0,1,142,35,191,206,239646,238409,259,259.6765028802874,0,0,0,0,0,2
1,0,136,61,598,609,140941,141680,362,362.18709530311185,0,0,0,0,0,1
0,1,145,37,1137,1165,12415645,12415734,589,589.5297656615934,0,0,0,0,0,2
0,1,112,41,1001,1019,28702,28981,276,276.66445236822,0,0,0,0,0,2
1,0,98,75,1618,1627,1753180,1753289,392,392.07565984208634,0,0,0,0,0,2
1,0,124,62,1320,1326,3425785,3427474,114,114.29663906594715,0,0,0,0,0,1
1,0,147,65,68,94,901698,902663,757,757.125432733759,0,0,0,0,0,1
1,0,125,75,2,10,949121,950920,987,987.3627957012649,0,0,0,0,0,2
1,0,125,79,1068,1083,3257651,3257528,164,164.76505898194299,0,0,0,0,0,1
0,1,166,44,43,734,684900,685539,16654,16654.499104960778,0,0,1,0,0,1
0,1,132,37,45,214,4373432,4373923,6456,6456.851456193737,0,0,1,0,0,1
1,0,138,85,1119,1151,4388238,4388329,227,227.3600603477731,0,0,0,0,0,1
0,1,177,102,385,397,173337,172379,227,227.31624640319046,0,0,0,0,0,2
0,1,139,201,1152,1166,284248,284877,499,499.820375834976,1,0,0,0,0,1
1,0,122,98,678,698,890338,890701,460,460.09397036515105,0,0,0,0,0,1
0,1,141,45,46,183,188408,189905,4366,4366.953804272818,0,0,1,0,0,1
0,1,152,37,273,302,473841,473893,193,193.15992463778156,0,0,0,0,0,2
0,1,131,293,196,213,611920,612475,727,727.6325770736352,0,0,0,0,0,1
1,0,144,75,1220,1238,3134121,3134113,197,197.79061114720318,0,0,0,0,0,1
1,0,138,72,926,935,1119901,1120678,310,310.60681846386194,1,0,0,0,0,1
0,1,151,134,457,471,1394881,1394981,476,476.8439514860125,0,0,0,0,0,2
0,1,129,36,1315,1319,2413138,2414178,292,292.15715786625844,0,0,0,0,1,1
1,0,126,96,201,211,653114,652078,75,75.8177182221077,0,0,0,0,0,2
1,0,139,72,968,986,1660564,1660031,396,396.30183422409226,0,0,0,0,0,1
1,0,129,85,924,930,2702274,2702328,151,151.80010920673743,0,0,0,0,0,1
1,0,173,66,66,95,2310482,2311231,154,154.6407256227979,0,0,0,0,0,2
0,1,151,43,39,73,1338078,1338493,838,838.3190381751815,0,0,1,0,0,1
1,0,105,66,29,39,363278,363150,319,319.4802704735749,0,1,0,0,0,1
1,0,141,64,1298,1310,817025,817175,253,253.20490764849004,0,0,0,0,0,1
1,0,143,80,649,661,912116,912646,877,877.4240085622582,0,0,0,0,0,2
0,1,138,102,630,639,1955405,1954905,718,718.5562751241481,0,0,0,0,1,1
0,1,141,46,652,669,482958,482872,321,321.9994443839935,0,0,0,1,0,1
0,1,128,40,46,211,2041354,2040822,6503,6503.9160322602165,0,0,1,0,0,1
0,1,151,42,45,396,1923170,1925302,10715,10715.83618579259,0,0,1,0,0,1
1,0,146,195,777,1007,4313021,4314790,19960,19960.283387094994,0,0,0,0,0,2
1,0,124,201,157,170,3756336,3755815,409,409.3247127509852,0,0,0,0,0,1
1,0,137,65,1119,1124,860990,861623,303,303.1882172607753,0,0,0,0,0,1
0,1,119,39,808,825,107375,108187,291,291.941437965441,0,0,0,0,0,2
0,1,131,116,51,76,142810,144667,669,669.4729508268792,0,0,0,0,1,1
1,0,199,65,265,299,2555256,2554651,346,346.0662783976121,0,0,0,0,0,2
1,0,266,82,531,677,1470886,1471156,1951,1951.6767527286584,0,0,0,0,0,2
0,1,122,172,1206,1218,1128375,1127231,267,267.902536976417,0,1,0,0,0,1
0,1,138,37,41,216,2349701,2350872,6738,6738.337934553478,0,0,1,0,0,1
0,1,141,44,42,217,1423810,1424831,6680,6680.664248977897,0,0,1,0,0,1
1,0,119,75,5,19,1041342,1042702,1094,1094.206040582844,0,0,0,0,0,2
1,0,112,66,10,30,2281263,2280379,1367,1367.794730834817,0,1,0,0,0,1
0,1,131,44,41,214,4703026,4702625,5942,5942.616315516553,0,0,1,0,0,1
0,1,136,43,41,184,356370,356834,4581,4581.487608790008,0,0,1,0,0,1
0,1,132,39,207,219,2038721,2039374,151,151.67697978208884,0,0,0,0,0,1
1,0,94,149,1680,1684,663772,663419,215,215.1298605715692,0,0,0,0,0,2
1,0,139,77,73,111,940161,938350,953,953.5418819171931,0,0,0,0,0,1
1,0,119,74,26,39,2563457,2564156,376,376.6555364159577,0,1,0,0,0,1
0,1,132,43,45,220,1680405,1680534,6747,6747.29068951713,0,0,1,0,0,1
0,1,136,45,701,711,763175,761969,103,103.39220911722792,0,0,0,1,0,1
0,1,129,42,42,217,1715073,1714617,6698,6698.240116879767,0,0,1,0,0,1
1,0,134,80,250,260,3567708,3567825,232,232.9603412448495,0,0,0,0,0,1
0,1,141,44,42,218,1156189,1156738,16821,16821.116586123615,0,0,1,0,0,1
1,0,160,73,145,159,102114,101990,84,84.03549630818253,0,1,0,0,0,1
0,1,147,35,44,221,1359759,1359862,10359,10359.874433559298,0,0,1,0,0,1
1,0,133,99,1533,1545,1031543,1030755,610,610.0432971447395,1,0,0,0,0,1
0,1,120,93,1692,1699,347365,348095,358,358.58363217196603,1,0,0,0,0,1
0,1,187,39,872,882,419138,419616,172,172.05769385832187,0,0,1,0,0,1
0,1,115,75,1575,1596,3116333,3116049,344,344.272461868559,0,0,0,0,0,2
1,0,117,301,1037,1049,938430,938147,191,191.69263227344726,0,0,0,0,0,2
0,1,140,75,3,9,286518,287799,286,286.42423688794946,0,0,0,0,0,2
0,1,141,40,635,660,5302746,5302757,355,355.94560755578493,0,0,0,0,0,1
1,0,132,74,1229,1238,811689,811407,395,395.58522985200193,0,0,0,0,0,1
0,1,172,42,1280,1293,436275,435584,249,249.50836856607222,0,0,1,0,0,1
0,1,154,104,626,638,1980519,1982170,769,769.2285181267924,0,0,0,0,1,1
0,1,145,35,43,213,2741525,2741010,6775,6775.096038895683,0,0,1,0,0,1
0,1,139,36,1327,1337,1647766,1646999,185,185.04795295000474,0,0,0,0,1,1
0,1,144,71,1595,1627,3126553,3126975,1430,1430.7031304422085,0,0,0,0,0,2
0,1,125,41,1152,1168,6571911,6570743,260,260.9455070729819,0,0,0,0,0,1
1,0,127,83,1066,1085,3233183,3233461,105,105.38586905736652,0,0,0,0,0,1
1,0,134,65,1138,1157,728252,727674,451,451.20898467817415,0,0,0,0,0,1
0,1,135,44,13,16,1672477,1671448,310,310.311819228491,0,0,0,0,0,2
1,0,150,76,898,905,1664930,1664889,253,253.52307338389588,0,0,0,0,0,1
0,1,121,38,546,566,52901,52929,162,162.63882576255975,0,0,0,0,0,1
1,0,180,67,1337,1673,2191279,2190768,1031,1031.9386306617523,0,0,0,0,0,2
1,0,98,206,61,64,766922,766443,228,228.1220667710369,0,0,0,0,0,2
0,1,149,197,68,74,115393,116400,163,163.04491485754974,1,0,0,0,0,1
0,1,119,72,1258,1272,421887,422168,474,474.1691159167573,0,0,0,0,0,2
0,1,151,58,265,280,1230752,1231532,427,427.9089921412677,0,0,0,0,0,2
0,1,132,298,328,387,507439,509600,6394,6394.314814956488,0,0,0,0,0,2
0,1,151,39,207,238,1418209,1416885,220,220.29938070466838,0,1,0,0,0,1
1,0,82,68,19,28,1859213,1860406,153,153.8556009984691,0,1,0,0,0,1
1,0,141,75,990,1003,800066,800474,314,314.4446194697356,0,0,0,0,0,2
1,0,125,66,480,493,1262893,1263046,272,272.85073008649226,0,0,0,0,0,1
1,0,111,82,1541,1551,790134,790007,287,287.09002380468604,0,0,0,0,0,2
1,0,154,64,1358,1378,5491569,5491931,267,267.82546524303996,0,0,0,0,0,1
0,1,132,43,45,217,1878383,1878176,6487,6487.289709182408,0,0,1,0,0,1
0,1,133,178,1209,1216,883389,882672,336,336.10817350985474,0,1,0,0,0,1
1,0,159,85,96,179,814821,816522,3383,3383.3833469974848,0,0,0,0,0,1
0,1,108,72,1304,1308,386364,384931,120,120.28956751218446,0,0,0,0,0,2
0,1,155,204,15,29,149244,149867,210,210.61164751955675,0,0,0,0,0,2
1,0,141,72,672,687,334777,335369,364,364.0508336223579,0,0,0,0,0,1
0,1,146,36,43,176,2606355,2605350,6478,6478.59142976769,0,0,1,0,0,1
1,0,135,95,1114,1130,2526940,2526457,963,963.3353700628353,0,0,0,0,0,2
0,1,189,197,1247,1253,82203,81234,110,110.14935531806971,0,0,0,0,0,2
0,1,126,301,1570,1584,73150,72128,501,501.75570915720783,0,0,0,0,0,2
0,1,150,75,1273,1299,375653,374251,2690,2690.937321265875,0,0,0,0,0,2
0,1,109,196,73,147,98703,97998,6373,6373.432143299675,0,0,0,0,0,2
0,1,96,38,5,11,1702407,1700861,326,326.53727098918364,1,0,0,0,0,1
0,1,258,41,1118,1133,2674349,2673754,353,353.3328460385178,0,0,0,0,0,2
0,1,144,44,95,108,2377700,2377859,706,706.7269833889479,1,0,0,0,0,1
1,0,146,70,835,859,310404,311006,536,536.986393393677,0,0,0,0,0,1
0,1,155,43,274,305,1564182,1563942,391,391.6211977124866,0,0,0,0,0,2
0,1,156,103,244,285,505427,505311,390,390.4468318595257,0,0,0,0,0,1
0,1,139,105,623,635,2105277,2105599,794,794.3391866391097,0,0,0,0,1,1
1,0,139,74,1268,1278,1340987,1339988,307,307.8023469197974,0,0,0,0,0,1
1,0,139,66,86,221,425095,425650,5282,5282.182070080163,0,1,0,0,0,1
1,0,135,59,947,964,1388169,1387892,211,211.9430319925648,0,0,0,0,0,1
0,1,129,39,44,214,2244610,2244129,7016,7016.812474053999,0,0,1,0,0,1
0,1,123,95,622,625,2172211,2173192,269,269.52104072582085,0,0,0,0,1,1
0,1,137,39,529,567,2235852,2236396,381,381.26263430240783,0,0,0,0,0,2
1,0,162,75,21,31,808105,808725,408,408.7325288496667,1,0,0,0,0,1
1,0,137,196,590,605,4201338,4202248,260,260.1223774566674,0,0,0,0,0,2
0,1,132,36,24,33,1049919,1049585,367,367.7052150526575,0,0,0,0,0,2
0,1,160,50,480,483,627495,627750,101,101.9517111830545,0,0,0,1,0,1
0,1,122,40,44,214,2069327,2069657,6534,6534.812230242558,0,0,1,0,0,1
1,0,132,103,435,732,4737054,4736798,2062,2062.071774532108,0,0,0,0,0,2
0,1,148,40,46,231,695713,696151,17850,17850.149704427393,0,0,1,0,0,1
1,0,153,75,406,416,634248,633858,188,188.82259416298498,0,1,0,0,0,1
0,1,147,38,952,977,2305297,2304988,340,340.1636980263518,0,0,0,0,0,2
1,0,135,74,189,209,1902244,1901258,139,139.4501870672605,0,1,0,0,0,1
0,1,148,49,805,814,274614,273219,33,33.365935542856334,0,0,0,1,0,1
0,1,146,42,784,809,798675,799437,616,616.2078585858214,0,0,0,0,0,2
1,0,119,75,116,132,1128215,1127963,163,163.96564654813156,0,1,0,0,0,1
1,0,137,68,227,244,506508,506654,355,355.45177730928503,0,1,0,0,0,1
1,0,175,69,22,28,1652814,1652479,394,394.86561229868903,1,0,0,0,0,1
1,0,158,79,381,438,1171626,1171467,238,238.39866553585898,0,0,0,0,0,1
0,1,137,45,518,537,621474,620395,855,855.3245888389534,0,0,0,0,0,2
0,1,132,41,1197,1206,521167,520940,384,384.13886300442044,0,0,0,0,0,1
0,1,112,53,1329,1342,2690597,2690706,433,433.1006022452075,1,0,0,0,0,1
0,1,136,51,1245,1250,796360,796419,261,261.7872726894318,0,0,0,1,0,1
0,1,151,49,979,980,971983,971587,285,285.0424279463906,0,0,0,1,0,1
1,0,121,70,1603,1610,1568742,1570325,218,218.1897586965111,0,0,0,0,0,1
1,0,146,97,550,563,2426411,2427071,244,244.18137318008368,0,0,0,0,0,2
1,0,148,72,36,54,2381983,2381127,1543,1543.7462832117667,0,1,0,0,0,1
1,0,164,143,123,137,785706,785830,90,90.4917114524795,0,0,0,0,1,1
0,1,133,151,510,515,105752,105841,577,577.3320628584315,1,0,0,0,0,1
1,0,101,65,1648,1682,951984,951860,839,839.3686871565209,0,0,0,0,0,1
1,0,162,86,967,975,71512,71884,117,117.1848621501889,0,0,0,0,0,1
0,1,154,42,524,570,267094,266742,298,298.4320299375315,0,0,0,0,0,2
1,0,96,197,635,649,5015145,5015479,465,465.09660269693677,0,0,0,0,0,2
0,1,141,197,9,16,393805,393322,216,216.06303567971278,0,0,0,0,0,2
1,0,154,72,1417,1441,5948432,5948265,308,308.55190908498236,0,0,0,0,1,1
1,0,89,203,638,642,340550,341532,408,408.17661095697645,0,0,0,0,0,2
0,1,155,155,76,94,778950,779638,1656,1656.7468323097294,1,0,0,0,0,1
0,1,145,37,39,228,702102,702050,18099,18099.40314071479,0,0,1,0,0,1
0,1,229,42,831,844,49097,48602,644,644.447141299911,0,0,1,0,0,1
0,1,134,178,1074,1083,372851,373458,304,304.02412543940926,0,0,0,0,0,2
0,1,129,36,434,444,99558,100595,783,783.408259512321,1,0,0,0,0,1
1,0,127,102,1589,1598,2492902,2494659,340,340.98091621874175,1,0,0,0,0,1
0,1,149,38,37,223,1285456,1284943,15836,15836.282223535809,0,0,1,0,0,1
0,1,131,44,46,218,1615241,1615403,6404,6404.210679986623,0,0,1,0,0,1
1,0,125,67,10,24,2153818,2153363,301,301.0103734919624,0,1,0,0,0,1
1,0,142,99,1395,1420,1216737,1215526,335,335.98572282490284,0,0,0,0,0,2
0,1,135,178,1195,1221,1184368,1183375,4155,4155.623081835089,0,1,0,0,0,1
0,1,143,35,606,737,2066862,2066528,2005,2005.732210560909,0,0,0,0,0,2
1,0,93,66,3,32,830919,830082,1152,1152.5936581567976,0,1,0,0,0,1
1,0,108,75,1608,1615,2158360,2159101,247,247.01100441457615,0,0,0,0,0,1
1,0,134,96,60,1247,4711659,4713037,15815,15815.642330129202,0,0,0,0,0,2
0,1,203,44,817,828,41055,39901,112,112.8415164376708,0,0,1,0,0,1
0,1,141,50,579,583,1188342,1187894,314,314.34333363430466,0,0,0,1,0,1
0,1,132,40,1071,1105,49843,49241,748,748.3866838870222,0,0,0,0,0,1
1,0,132,75,1065,1085,3327400,3327513,449,449.60917864735063,0,0,0,0,0,1
0,1,92,219,519,533,13802,14208,205,205.00681957232618,0,0,0,0,0,2
0,1,131,185,1206,1219,308151,308266,138,138.44213495591944,0,0,0,0,0,2
1,0,113,74,39,61,118805,118178,1676,1676.6256664890213,0,1,0,0,0,1
0,1,136,42,790,801,10409722,10409804,139,139.3793960875927,0,0,0,0,0,2
1,0,102,69,1644,1664,1554147,1554585,544,544.8609492378445,0,0,0,0,0,2
1,0,129,303,1058,1068,945761,945159,177,177.9490727620834,0,0,0,0,0,2
1,0,114,301,1124,1138,828969,829034,221,221.76644306016178,0,0,0,0,0,2
1,0,125,79,100,127,961907,960376,759,759.9894819099518,0,0,0,0,0,1
1,0,155,69,568,580,533368,531830,376,376.99509861951856,0,0,0,0,0,1
1,0,157,100,163,170,954466,953224,161,161.8199720390621,0,0,0,0,0,2
0,1,152,40,4,253,115310,114239,15687,15687.587140466889,0,0,1,0,0,1
0,1,129,170,132,174,440265,440424,522,522.3114568940272,0,0,0,0,0,2
0,1,146,45,39,186,2443093,2442591,5800,5800.809381451021,0,0,1,0,0,1
1,0,142,103,1299,1310,337927,337781,94,94.17882660656663,0,0,0,0,0,2
0,1,117,40,225,348,130107,130363,3421,3421.7059951044516,0,0,1,0,0,1
1,0,141,67,74,91,2033210,2033246,168,168.40702278469635,0,1,0,0,0,1
0,1,91,66,1332,1344,397696,398841,906,906.9601891958564,0,0,0,0,0,2
0,1,117,53,780,800,1197972,1198312,451,451.98187032179186,0,0,0,0,0,2
1,0,144,104,436,450,2688114,2689617,318,318.96442295295213,0,0,0,0,0,2
1,0,140,83,123,133,125154,126496,213,213.57065062472643,0,0,0,0,0,1
0,1,128,36,41,209,7300560,7300957,5088,5088.63316934772,0,0,1,0,0,1
0,1,148,45,577,585,228896,228041,627,627.192502366981,0,0,0,0,0,1
1,0,161,75,194,235,712773,712126,784,784.1717413961597,0,0,0,0,0,1
1,0,137,73,1594,1612,4345895,4344810,255,255.26458680735783,0,0,0,0,0,2
0,1,145,44,150,180,2765544,2764827,404,404.25801611176445,0,0,1,0,0,1
0,1,130,38,1054,1074,857606,857699,229,229.02950223342887,0,0,0,0,0,2
0,1,141,55,301,307,1027496,1029162,102,102.17989528640989,0,0,0,1,0,1
1,0,145,103,626,648,1969409,1968954,373,373.2716413110955,0,0,0,0,0,2
0,1,159,39,544,562,246974,248364,380,380.2501726736746,0,0,0,0,0,2
1,0,117,74,603,617,1266695,1265698,116,116.48772896783986,0,1,0,0,0,1
1,0,145,79,341,354,574701,574180,356,356.9386058044366,0,0,0,0,0,2
0,1,136,38,76,87,1119158,1118379,614,614.4367932864901,0,0,0,0,0,1
1,0,135,145,451,456,199920,201015,122,122.70169042272447,1,0,0,0,0,1
1,0,132,295,1089,1101,901871,901509,102,102.33633628685244,0,0,0,0,0,2
0,1,178,96,113,121,79995,79625,271,271.6094388743642,0,0,0,0,0,2
0,1,141,41,286,359,2286207,2285652,339,339.41225655240606,0,0,0,0,0,2
0,1,152,44,462,473,10368624,10369557,341,341.1666210575158,0,0,0,0,0,2
1,0,158,95,1166,1205,4638638,4639788,382,382.5707460829367,0,0,0,0,0,2
1,0,166,74,36,77,2412350,2412672,126,126.50364485184339,0,0,0,0,0,2
0,1,138,38,808,820,151041,151511,277,277.17653620708484,0,0,0,0,0,2
1,0,132,72,1213,1222,562673,562718,180,180.3675936216979,0,0,0,0,0,1
0,1,131,41,150,173,2974655,2975010,228,228.36244882726368,0,0,1,0,0,1
1,0,134,67,99,109,1890119,1888845,159,159.17808187644786,0,1,0,0,0,1
1,0,133,69,29,46,2433584,2433172,649,649.070384117407,0,1,0,0,0,1
0,1,152,55,861,868,858740,858251,134,134.89222676523056,0,0,0,1,0,1
0,1,163,38,39,228,875856,877839,19057,19057.920731570615,0,0,1,0,0,1
1,0,159,199,386,399,4138250,4137489,135,135.73505170772657,0,0,0,0,0,2
0,1,139,36,42,180,2573927,2573254,5936,5936.2444476430965,0,0,1,0,0,1
1,0,157,81,165,320,830052,830331,4697,4697.411371781676,0,0,0,0,0,1
0,1,125,220,550,560,87626,87769,572,572.5575768110716,0,0,0,0,0,2
0,1,132,93,1572,1584,563588,563792,925,925.8203203195397,1,0,0,0,0,1
1,0,177,75,957,976,2263815,2263455,199,199.6284209629166,0,0,0,0,0,2
0,1,153,44,42,207,1722780,1722414,12279,12279.365815743906,0,0,1,0,0,1
1,0,125,76,1138,1158,2265533,2266028,302,302.60314140655015,0,0,0,0,0,2
1,0,126,65,1518,1529,1206924,1205730,326,326.5727155904842,0,0,0,0,0,1
1,0,134,66,359,372,653601,652864,93,93.82855139498767,0,0,0,0,0,1
1,0,127,58,1626,1634,1702142,1703172,535,535.2179009132046,1,0,0,0,0,1
0,1,126,41,45,220,1473188,1474260,7073,7073.297682499136,0,0,1,0,0,1
0,1,151,41,139,160,178419,179698,328,328.81309277508933,0,0,1,0,0,1
0,1,128,304,237,255,103046,104137,324,324.8722253654092,0,0,0,0,0,2
0,1,137,170,1191,1202,1062879,1062102,368,368.11469655586177,0,1,0,0,0,1
0,1,147,150,110,120,813081,813354,665,665.7958129180594,1,0,0,0,0,1
1,0,103,210,623,635,309952,309838,112,112.01347428018907,1,0,0,0,0,1
1,0,154,81,95,108,4630633,4631581,230,230.9504689136756,0,0,0,0,0,1
0,1,120,41,40,217,2108521,2109906,6847,6847.209136537278,0,0,1,0,0,1
1,0,139,74,1066,1075,1379440,1380193,134,134.62528344102142,0,0,0,0,0,1
0,1,128,35,21,27,1989723,1989253,323,323.56886682308124,0,0,0,0,0,1
0,1,142,222,834,842,838825,838401,139,139.353552570114,1,0,0,0,0,1
0,1,137,44,236,254,64485,64585,435,435.50815739654263,0,0,1,0,0,1
1,0,149,115,1162,1174,1895765,1895920,98,98.52641902821783,0,0,0,0,0,2
0,1,131,38,64,203,7765657,7765602,4471,4471.189319815379,0,0,1,0,0,1
0,1,154,41,40,70,1385525,1385146,806,806.7680574056984,0,0,1,0,0,1
0,1,116,37,15,30,1085305,1084079,344,344.6727775843885,0,0,0,0,0,2
0,1,126,105,616,627,2196634,2196955,346,346.02270212145544,0,0,0,0,1,1
0,1,130,203,10,17,403152,403176,405,405.9554851949167,0,0,0,0,0,2
1,0,152,62,1131,1140,2828843,2829812,276,276.84861571321954,0,0,0,0,0,1
1,0,119,65,360,371,1411797,1412123,352,352.2315606934647,0,1,0,0,0,1
0,1,133,42,899,907,844711,844990,163,163.03329937326163,0,0,0,0,0,2
0,1,139,41,214,617,2277998,2276887,3339,3339.4358739670633,0,0,0,0,0,2
0,1,143,36,121,150,373110,373089,413,413.77433973307984,0,0,0,0,0,2
0,1,141,35,159,174,259278,260789,333,333.7637865711296,0,0,0,0,0,2
0,1,135,45,304,309,1738661,1738054,296,296.8052683884165,0,0,0,1,0,1
0,1,156,46,307,323,1041478,1042280,327,327.79431401897483,0,0,0,1,0,1
1,0,158,83,770,918,370376,371764,754,754.9608373732367,0,0,0,0,0,2
0,1,150,41,1078,1098,96062,96447,812,812.8728185970378,0,0,0,0,0,2
0,1,159,59,68,100,416768,418300,10984,10984.637897345763,1,0,0,0,0,1
1,0,129,74,1449,1463,2083247,2084943,144,144.3184086376865,0,0,0,0,0,1
1,0,158,145,742,753,311800,312279,293,293.25946675041786,0,0,0,0,0,2
0,1,128,128,225,239,718559,718161,399,399.20427441464676,1,0,0,0,0,1
1,0,156,76,1020,1037,2224759,2224344,339,339.55155333124503,0,0,0,0,0,2
0,1,132,39,981,991,891337,892069,120,120.83238887296629,0,0,0,0,0,2
0,1,139,41,51,67,4821666,4822480,660,660.7788039917772,1,0,0,0,0,1
0,1,133,41,9,20,1215599,1213874,177,177.52559183457265,0,0,0,0,0,2
0,1,128,105,625,634,1934305,1933619,205,205.0512569421233,0,0,0,0,1,1
1,0,125,81,1494,1507,547432,546834,401,401.44982486437664,0,0,0,0,0,1
0,1,132,44,23,38,1142782,1144109,407,407.3840001420279,0,0,0,0,0,2
1,0,141,69,296,310,1323540,1323485,327,327.0763012514385,0,1,0,0,0,1
0,1,139,38,552,569,4625843,4624635,226,226.10983922313002,0,0,0,0,0,1
0,1,126,55,284,293,119917,119784,152,152.66227152497183,0,0,0,0,0,2
1,0,130,66,84,89,2886924,2886285,230,230.1618850720321,0,0,0,0,0,2
0,1,133,42,18,35,991112,992158,422,422.645657236176,0,0,0,0,0,2
0,1,148,54,803,809,1341144,1341565,303,303.41497048763176,0,0,0,1,0,1
0,1,143,40,46,215,1444643,1446346,6416,6416.155456563551,0,0,1,0,0,1
1,0,100,72,1105,1117,1377206,1377412,330,330.23814225894336,0,0,0,0,0,2
0,1,149,43,42,216,2876438,2875591,6359,6359.3515066384,0,0,1,0,0,1
0,1,163,43,44,222,1221615,1222206,15715,15715.942460978125,0,0,1,0,0,1
0,1,141,35,350,359,899399,899752,331,331.2454569894478,0,0,0,0,0,2
0,1,146,178,982,992,724270,725032,254,254.78262420700025,0,0,0,0,0,1
0,1,151,42,187,213,401483,403172,498,498.1499344412022,0,0,0,0,0,2
0,1,136,39,44,189,2321975,2321676,9856,9856.125293922207,0,0,1,0,0,1
0,1,128,38,370,378,303876,303037,283,283.9719339721572,0,0,0,0,0,1
1,0,130,73,141,184,949241,948647,4096,4096.999576590189,0,1,0,0,0,1
0,1,128,178,753,766,424506,424376,328,328.1716220091908,0,0,0,0,0,1
0,1,225,101,982,1012,33687,34420,265,265.2794687937723,0,0,0,0,0,2
1,0,119,71,70,86,2002560,2000807,413,413.05519706236646,0,1,0,0,0,1
0,1,207,195,161,165,47686,47640,46,46.80224061199639,0,0,0,0,0,2
1,0,76,75,2,11,2551251,2550501,111,111.6649151810849,0,1,0,0,0,1
0,1,199,43,1029,1057,366065,366822,742,742.36582429571,0,0,1,0,0,1
0,1,135,45,159,182,588339,587629,248,248.82646119213473,0,0,0,0,0,2
1,0,108,72,79,86,1197743,1196742,358,358.2345576354522,0,1,0,0,0,1
0,1,206,40,52,120,547814,547843,265,265.7973845186091,0,0,0,0,0,2
1,0,134,97,933,941,272684,271056,312,312.85783596911403,0,0,0,0,0,1
1,0,92,68,5,20,220569,221124,345,345.8689733270123,0,1,0,0,0,1
1,0,107,72,10,26,2584016,2583192,303,303.8435338710618,0,1,0,0,0,1
1,0,136,75,53,80,1736662,1737350,274,274.7829877805026,0,1,0,0,0,1
1,0,137,74,57,72,4121132,4121427,192,192.47357934589053,0,0,0,0,0,1
0,1,141,225,149,174,233517,232682,2144,2144.1704516640284,0,0,0,0,0,2
0,1,148,45,491,501,4186854,4187826,70,70.66389353096224,0,0,0,0,0,1
1,0,126,55,782,788,1686525,1686644,141,141.62852529577373,1,0,0,0,0,1
0,1,140,41,1090,1099,5464629,5465603,322,322.4039862094862,0,0,0,0,0,1
1,0,117,65,1675,1690,1892306,1891660,135,135.530407226596,0,0,0,0,0,2
0,1,127,41,1226,1237,455232,456298,293,293.80915694389216,0,0,0,0,0,2
0,1,154,45,837,870,752515,754072,392,392.2247433918069,0,0,0,0,0,2
1,0,139,59,214,228,624599,625758,266,266.07061427409405,0,0,0,0,0,1
1,0,123,79,1593,1602,2338686,2339664,371,371.018195077608,0,0,0,0,0,1
1,0,111,85,800,825,2182744,2181957,128,128.90414779066614,0,0,0,0,0,2
0,1,140,44,26,32,892708,893482,142,142.2697554190436,0,0,0,0,0,2
0,1,132,42,44,219,2265037,2265537,6192,6192.752247571456,0,0,1,0,0,1
1,0,103,81,1569,1579,699139,698670,97,97.47057576867965,0,0,0,0,0,2
0,1,122,53,1672,1717,116411,117070,5508,5508.12514791828,0,0,0,0,0,2
1,0,111,66,1,39,813656,815042,7365,7365.313409298284,0,1,0,0,0,1
0,1,125,69,972,981,1245760,1246672,291,291.7031740361538,1,0,0,0,0,1
1,0,118,105,1614,1618,1944224,1945105,259,259.6225732540525,1,0,0,0,0,1
0,1,126,49,507,524,1998113,1998656,209,209.5652720825096,0,0,0,0,0,2
0,1,143,40,40,188,2311003,2310467,5783,5783.274543717301,0,0,1,0,0,1
0,1,152,52,1180,1193,1223035,1223231,78,78.90009669557185,0,0,0,1,0,1
0,1,130,47,1330,1338,4849125,4848757,481,481.28611578806965,0,0,0,0,0,1
1,0,149,69,1375,1399,5970870,5970861,196,196.55120979254679,0,0,0,0,1,1
0,1,121,40,43,196,743784,742829,5840,5840.100886244722,0,0,1,0,0,1
0,1,158,36,40,219,979809,979357,16087,16087.939098234783,0,0,1,0,0,1
0,1,137,41,1053,1058,3577661,3577894,308,308.2641197731748,0,0,0,0,0,1
0,1,135,91,1574,1585,435418,436063,425,425.3247083459327,1,0,0,0,0,1
0,1,130,41,42,198,643765,642791,6367,6367.623933299185,0,0,1,0,0,1
0,1,137,38,1203,1209,585308,585135,314,314.1585033564693,0,0,0,0,0,2
0,1,146,45,686,693,1619862,1619909,201,201.10720442197638,0,0,0,0,0,1
0,1,142,198,1605,1618,20411,20694,236,236.44131573598494,1,0,0,0,0,1
0,1,140,46,798,831,735921,736440,515,515.6934625700064,0,0,0,0,0,2
0,1,121,304,1588,1601,215287,213740,327,327.75757917230686,0,0,0,0,0,2
0,1,145,35,1284,1301,323318,323451,300,300.451099928218,0,0,0,0,0,1
0,1,168,100,219,227,199831,199344,286,286.7761331559727,0,0,0,0,0,2
0,1,135,35,8,21,1107788,1108104,493,493.6171769819825,0,0,0,0,0,2
0,1,130,35,45,219,2099424,2097823,7185,7185.817729451331,0,0,1,0,0,1
0,1,138,40,41,216,1392288,1392344,11584,11584.313304859701,0,0,1,0,0,1
0,1,140,88,1508,1515,1751088,1751830,471,471.19382568654225,1,0,0,0,0,1
0,1,135,45,47,221,1980554,1981697,7380,7380.690804853042,0,0,1,0,0,1
1,0,142,70,478,513,1347622,1346541,395,395.3404468676744,0,1,0,0,0,1
0,1,138,63,139,155,1293753,1294038,494,494.09926345691724,0,0,0,0,0,2
0,1,132,44,42,196,2300424,2300914,6051,6051.328747152304,0,0,1,0,0,1
1,0,124,65,99,111,190238,190315,241,241.08714770595134,0,1,0,0,0,1
0,1,109,222,205,225,104391,105584,252,252.5517511951989,0,0,0,0,0,2
0,1,129,45,46,188,143607,143544,4438,4438.1621084208555,0,0,1,0,0,1
0,1,137,39,45,199,452661,451492,6383,6383.999408880127,0,0,1,0,0,1
1,0,122,65,977,986,2564618,2562979,126,126.15569126432905,0,0,0,0,0,1
0,1,143,56,802,806,1029469,1029508,162,162.24341272576962,0,0,0,0,0,2
1,0,161,100,398,967,4614852,4615679,10458,10458.347692257703,0,0,0,0,0,2
1,0,142,65,213,227,1116727,1116565,74,74.54969660510034,0,1,0,0,0,1
1,0,119,80,1073,1086,2783999,2783471,292,292.07407172753375,0,0,0,0,0,1
1,0,165,148,695,713,663953,665320,163,163.2115050752128,0,0,0,0,0,2
0,1,160,49,156,191,674133,672384,305,305.36833623544925,0,0,0,0,0,2
0,1,130,149,584,592,231073,229973,511,511.01605987835705,1,0,0,0,0,1
1,0,117,75,53,72,1428609,1427375,1003,1003.2343001547089,0,1,0,0,0,1
1,0,147,69,1113,1131,238263,237886,380,380.0506164111494,0,0,0,0,0,1
1,0,167,72,114,144,4025547,4025699,179,179.57499455579998,0,0,0,0,0,2
0,1,112,56,1124,1134,94734,94967,233,233.5375087850567,0,0,0,0,0,2
0,1,137,39,39,192,1596696,1598272,13680,13680.049199755049,0,0,1,0,0,1
0,1,159,54,902,928,1411349,1411566,532,532.6859074490675,0,0,0,0,0,2
1,0,140,100,657,682,2135509,2134566,607,607.1431855423565,0,0,0,0,0,1
1,0,131,66,120,129,1913986,1914188,262,262.6251737437585,0,1,0,0,0,1
0,1,167,199,26,34,55286,56409,155,155.07021297423768,0,0,0,0,0,2
0,1,137,41,79,154,2595413,2595136,3017,3017.2684424421454,0,0,1,0,0,1
0,1,135,48,867,892,681704,681411,471,471.33592023460153,0,0,0,0,0,2
0,1,149,35,46,222,1196213,1196246,16248,16248.348105897849,0,0,1,0,0,1
0,1,138,100,623,632,2046413,2045675,506,506.2110588915044,0,0,0,0,1,1
1,0,143,78,729,741,1286653,1287308,143,143.27267394549543,0,0,0,0,0,1
1,0,102,77,5,16,972039,971312,1153,1153.087646029675,0,0,0,0,0,2
1,0,123,66,99,110,1551878,1551410,101,101.5175612843328,0,0,0,0,0,2
1,0,158,71,10,19,966981,966534,404,404.00046257735653,0,0,0,0,0,1
0,1,121,36,352,363,1116286,1115602,497,497.6056094668653,0,0,0,0,0,2
0,1,122,304,1579,1604,187740,187146,544,544.8046314337388,0,0,0,0,0,2
0,1,145,39,579,593,5915998,5916462,235,235.13378940987494,0,0,0,0,0,1
0,1,197,41,828,833,927567,927273,229,229.72385378078076,0,0,1,0,0,1
1,0,116,75,49,54,2409194,2408917,231,231.72246351854102,0,1,0,0,0,1
0,1,156,35,238,288,314152,314480,872,872.53513515483,0,0,0,0,0,2
0,1,138,45,273,296,1489227,1489514,255,255.07136296963873,0,0,0,0,0,2
0,1,137,39,503,511,262166,261647,268,268.3600790349396,0,0,0,0,0,1
0,1,117,35,357,377,928739,929178,498,498.0673716486922,0,0,0,0,0,2
0,1,201,45,946,956,509447,508238,189,189.5351871777048,0,0,1,0,0,1
1,0,105,63,1607,1623,3458041,3456785,424,424.2229170843243,0,0,0,0,0,1
1,0,137,69,386,394,1305513,1303791,93,93.86757815363704,0,0,0,0,0,1
0,1,142,37,102,117,1003146,1003587,276,276.2033415404709,0,0,0,0,0,2
0,1,160,43,39,194,1880743,1881828,12751,12751.075772741926,0,0,1,0,0,1
1,0,143,60,503,534,2454935,2455815,884,884.1678876619445,0,0,0,0,0,1
0,1,163,43,407,417,4024886,4025140,160,160.1203125905609,0,0,0,0,0,2
1,0,162,140,1401,1449,684204,684540,671,671.9713428551695,0,0,0,0,0,2
1,0,124,70,27,43,2669118,2669085,139,139.5103396763851,0,1,0,0,0,1
1,0,152,77,1373,1392,784067,783328,408,408.6146192962434,0,0,0,0,0,1
0,1,151,42,44,75,1207977,1207970,1169,1169.5199163432362,0,0,1,0,0,1
1,0,130,102,792,801,1060346,1061721,254,254.19544598699235,1,0,0,0,0,1
1,0,131,102,321,333,9754869,9754021,78,78.68248820623913,0,0,0,0,0,1
1,0,102,78,4,18,1007668,1006644,1246,1246.1533547243966,0,0,0,0,0,2
1,0,137,74,1446,1451,493125,491875,258,258.7027317260541,0,0,0,0,0,1
0,1,126,40,1330,1345,9768639,9768232,437,437.3218013635286,0,0,0,0,0,2
1,0,136,74,5,8,2938217,2938938,310,310.22760839556315,0,1,0,0,0,1
1,0,136,103,309,322,1315042,1314195,345,345.5060389321568,0,0,0,0,0,2
1,0,163,75,18,24,1488020,1488087,197,197.54732678719947,1,0,0,0,0,1
1,0,135,140,322,323,167160,167536,94,94.56348908018857,0,0,0,0,0,2
0,1,139,42,121,159,472830,473647,247,247.905941952795,0,0,1,0,0,1
0,1,138,43,287,294,455460,456266,102,102.22999809511248,0,0,0,0,0,1
0,1,155,104,627,641,2003675,2003234,1037,1037.3957395195177,0,0,0,0,1,1
1,0,139,74,21,35,2655938,2657588,302,302.82185922421644,0,1,0,0,0,1
1,0,144,70,186,202,387398,388352,136,136.59982177846507,0,1,0,0,0,1
1,0,149,58,565,576,1074405,1074741,205,205.7972700247711,0,0,0,0,0,1
1,0,130,69,1593,1614,3353395,3352866,552,552.3526873816002,0,0,0,0,0,1
0,1,127,43,45,222,2186546,2186525,6270,6270.330716289682,0,0,1,0,0,1
1,0,150,66,791,838,4104567,4104320,293,293.62419798146016,0,0,0,0,0,2
1,0,144,74,263,272,477469,476793,301,301.1657694367119,0,1,0,0,0,1
1,0,92,70,16,32,1104702,1105273,335,335.4635778249712,0,1,0,0,0,1
1,0,113,66,21,29,239560,239680,222,222.53902685607966,0,1,0,0,0,1
0,1,146,42,43,182,2563968,2562856,5535,5535.3722278128525,0,0,1,0,0,1
1,0,159,64,193,222,1283485,1283575,258,258.02262235838094,0,0,0,0,0,2
0,1,139,35,832,837,1874402,1873695,240,240.73662334843655,1,0,0,0,0,1
0,1,192,42,926,935,674738,675852,88,88.58548927510435,0,0,1,0,0,1
0,1,139,41,1239,1261,2401953,2402149,215,215.51615996441654,0,0,0,0,0,2
0,1,145,197,11,24,375560,374865,447,447.30378032570525,0,0,0,0,0,2
0,1,158,177,1020,1027,640470,638956,327,327.4294847692947,0,0,0,0,0,1
1,0,115,76,852,863,3658517,3657635,217,217.71089153166454,0,0,0,0,0,1
1,0,144,80,576,587,4234382,4234332,102,102.20286321407907,0,0,0,0,0,1
1,0,124,97,1260,1261,717844,718593,278,278.3725974477277,1,0,0,0,0,1
1,0,107,75,1641,1649,3009360,3009994,168,168.58150185849533,0,0,0,0,0,1
0,1,147,175,1183,1196,211315,210573,305,305.78675700955455,0,0,0,0,0,2
0,1,159,55,547,553,1819592,1819924,17,17.40761609605543,0,0,0,1,0,1
0,1,134,41,40,219,1517169,1516138,7177,7177.4971251122215,0,0,1,0,0,1
0,1,147,44,43,200,2290297,2290044,9810,9810.620181443996,0,0,1,0,0,1
0,1,137,49,304,313,1156141,1155327,211,211.3056903835056,0,0,0,1,0,1
0,1,149,45,46,219,1253841,1252639,14171,14171.527089012663,0,0,1,0,0,1
1,0,131,70,1152,1163,6042458,6042575,171,171.46077723851235,0,0,0,0,0,2
0,1,138,200,5,12,443789,444238,366,366.17475156367544,0,0,0,0,0,2
0,1,128,35,1242,1266,161374,161506,731,731.6580290739078,0,0,0,0,0,2
1,0,90,101,1569,1577,2613797,2613290,319,319.9898185762735,0,0,0,0,0,2
0,1,142,45,1318,1328,2166176,2165132,304,304.2800852334608,0,0,0,0,0,1
1,0,129,66,790,802,2886677,2887513,209,209.0223136121135,0,0,0,0,0,2
1,0,139,124,1206,1217,1802490,1802414,347,347.0522461572116,0,0,0,0,0,2
1,0,71,67,22,27,1312818,1311886,236,236.71000909012594,0,1,0,0,0,1
0,1,128,35,41,218,2897890,2897153,6783,6783.901311702043,0,0,1,0,0,1
0,1,119,41,735,798,77919,78487,2526,2526.7372584677228,0,0,1,0,0,1
1,0,132,61,105,123,1046016,1046327,239,239.80007463515733,0,0,0,0,0,1
1,0,125,197,223,246,3947702,3948090,723,723.9102037265552,0,0,0,0,0,1
1,0,131,120,1248,1257,1778259,1778668,283,283.663824273135,0,0,0,0,0,2
1,0,122,75,34,42,1822634,1821954,247,247.6947882272589,0,1,0,0,0,1
1,0,166,67,149,170,5714932,5713792,284,284.1937360243562,0,0,0,0,0,1
1,0,134,60,1393,1403,92618,93003,398,398.9553879602942,0,0,0,0,0,1
0,1,147,36,60,68,2014256,2013864,247,247.93740053404426,0,0,0,0,0,1
0,1,104,44,235,350,99299,98194,3441,3441.6392590659575,0,0,1,0,0,1
0,1,160,39,42,193,1736566,1736700,11357,11357.574839899624,0,0,1,0,0,1
1,0,122,73,43,54,67260,66685,572,572.8092375137026,0,1,0,0,0,1
0,1,163,41,5,228,344425,344742,25592,25592.73246799053,0,0,1,0,0,1
0,1,134,54,4,777,18824,18544,14416,14416.043887976122,0,0,1,0,0,1
0,1,142,221,521,549,187785,187352,1092,1092.3941516898976,0,0,0,0,0,2
0,1,127,44,45,210,2598401,2599468,6047,6047.75092314928,0,0,1,0,0,1
0,1,140,41,46,190,2194451,2193260,10213,10213.766421423648,0,0,1,0,0,1
1,0,162,70,148,157,128397,127616,299,299.18953175953897,0,0,0,0,0,2
0,1,137,37,128,140,2377039,2378139,2652,2652.832017360969,1,0,0,0,0,1
0,1,141,45,39,196,2358323,2356771,8981,8981.463199327982,0,0,1,0,0,1
1,0,172,70,577,589,1582533,1582231,315,315.97585184519795,0,0,0,0,0,1
0,1,145,39,790,1316,3544945,3544655,8447,8447.198243078059,0,0,0,0,0,1
0,1,130,36,41,217,2777014,2775643,6259,6259.2958738746365,0,0,1,0,0,1
0,1,142,54,1278,1281,1708959,1709145,197,197.92999113066827,0,0,0,1,0,1
1,0,149,79,1088,1103,3813531,3814126,308,308.39596355646677,0,0,0,0,0,1
0,1,137,43,39,213,1029135,1030206,15026,15026.438306496468,0,0,1,0,0,1
0,1,178,36,927,934,551745,552796,188,188.3744576919037,0,0,1,0,0,1
0,1,121,47,1355,1360,4807441,4807456,334,334.3384025785426,0,0,0,0,0,1
0,1,135,45,98,174,728624,729560,2461,2461.1090196392215,0,0,1,0,0,1
1,0,122,82,1070,1088,3203978,3204515,369,369.2939615516305,0,0,0,0,0,1
0,1,147,122,1160,1170,2124309,2125801,183,183.4939669593186,1,0,0,0,0,1
0,1,135,44,78,217,7818357,7818607,3944,3944.334418583655,0,0,1,0,0,1
0,1,138,40,390,397,695790,695596,313,313.34809361326444,0,0,0,0,0,2
1,0,123,69,816,823,3097279,3097451,295,295.6408902503136,0,0,0,0,0,2
1,0,140,98,38,49,735955,736575,198,198.52354032434695,0,0,0,0,0,1
1,0,142,79,1067,1084,3029581,3029198,356,356.54042559867025,0,0,0,0,0,1
1,0,145,74,31,59,1773214,1771893,504,504.55770475450674,0,1,0,0,0,1
0,1,127,45,871,1109,949523,949550,1802,1802.18657348342,0,0,0,0,0,2
0,1,147,38,42,205,1576742,1575625,11070,11070.48348116731,0,0,1,0,0,1
1,0,130,140,481,490,1134719,1135063,411,411.51560033395117,0,0,0,0,0,1
0,1,207,36,467,474,28001,28539,342,342.2936428009326,0,0,1,0,0,1
0,1,159,47,980,981,1311729,1311524,211,211.22833905588965,0,0,0,1,0,1
0,1,132,35,43,213,1853813,1853877,6642,6642.34278024164,0,0,1,0,0,1
1,0,167,72,1069,1083,1539149,1539882,309,309.92927933576766,0,0,0,0,0,2
0,1,137,37,39,216,2363939,2363972,6492,6492.888932839961,0,0,1,0,0,1
0,1,150,43,40,202,1912543,1912710,13042,13042.18643919983,0,0,1,0,0,1
0,1,126,303,248,276,165064,164799,926,926.8776425116766,0,0,0,0,0,2
1,0,140,66,217,253,764388,764220,1208,1208.4292048496097,0,1,0,0,0,1
0,1,132,145,672,687,491056,492673,1211,1211.2466684497458,1,0,0,0,0,1
0,1,122,44,501,520,30791,30880,240,240.9114481983427,0,0,1,0,0,1
1,0,150,73,1030,1042,638589,639061,404,404.1638356719017,0,0,0,0,0,2
0,1,193,45,1223,1228,269723,270678,237,237.3880274224795,0,0,1,0,0,1
0,1,155,43,1316,1323,2395798,2395912,328,328.38537026229966,0,0,0,0,1,1
0,1,129,35,1290,1303,3205337,3205196,421,421.8407281591707,0,0,0,0,0,2
0,1,105,40,1316,1334,3148809,3148715,837,837.9837242599021,0,0,1,0,0,1
0,1,161,180,63,75,424693,424692,320,320.6815805169377,0,0,0,0,0,2
0,1,128,42,42,226,4359437,4359844,6390,6390.180228762551,0,0,1,0,0,1
0,1,135,42,1039,1052,603033,603326,223,223.55574863326365,0,0,0,0,0,1
1,0,99,85,0,19,990375,989380,1480,1480.3756283202256,0,0,0,0,0,2
0,1,132,45,1179,1210,70668,71261,288,288.62900810464157,0,0,0,0,0,2
0,1,113,41,80,119,1259584,1258618,437,437.9770690253946,0,0,0,0,0,2
1,0,107,64,1633,1644,2097666,2097302,75,75.82323990265478,0,0,0,0,0,1
0,1,138,198,371,392,228546,229322,895,895.225721993205,0,0,0,0,0,1
0,1,136,44,44,194,1447918,1447603,12270,12270.985268191864,0,0,1,0,0,1
1,0,147,74,513,523,257949,258236,375,375.59809849453524,0,0,0,0,0,1
1,0,139,66,1081,1092,699880,698743,343,343.00686142463746,0,0,0,0,0,1
0,1,157,152,439,458,1121512,1119806,628,628.9603685775575,0,0,0,0,0,2
1,0,109,82,0,22,843661,844078,1824,1824.3941146990214,0,0,0,0,0,2
0,1,143,38,46,202,632262,632951,6169,6169.92551125509,0,0,1,0,0,1
1,0,155,95,124,144,1477588,1478633,109,109.63488677636182,0,0,0,0,0,2
0,1,137,38,41,199,2203866,2205273,5817,5817.901784606256,0,0,1,0,0,1
0,1,125,36,1296,1308,4046190,4047161,308,308.6104816151654,0,0,0,0,0,2
1,0,159,71,336,350,5683789,5682826,113,113.15403999773402,1,0,0,0,0,1
0,1,120,36,48,218,1760761,1761293,6794,6794.241438553274,0,0,1,0,0,1
0,1,142,41,405,420,761984,762027,291,291.8471162141446,0,0,0,0,0,2
1,0,150,75,195,213,1671647,1670317,148,148.6470796780969,0,1,0,0,0,1
1,0,131,97,1332,1339,4269668,4269398,255,255.94718387340237,1,0,0,0,0,1
1,0,112,82,1064,1085,3421578,3421646,365,365.9326910436296,0,0,0,0,0,1
0,1,177,196,133,141,106793,106176,171,171.1296556039018,0,0,0,0,0,2
1,0,143,75,1168,1172,2015476,2015954,154,154.65775804451025,0,0,0,0,0,2
0,1,139,43,40,197,1470399,1470482,13972,13972.625037089882,0,0,1,0,0,1
0,1,96,221,290,310,37041,36465,1078,1078.5880048586948,0,0,0,0,0,2
1,0,138,140,835,860,277273,275610,362,362.8654049516324,0,0,0,0,0,2
0,1,138,47,490,493,1622410,1622655,221,221.18660978301358,0,0,0,1,0,1
0,1,129,90,1579,1589,814666,816250,562,562.100209003418,1,0,0,0,0,1
1,0,141,76,1069,1086,3159684,3160423,430,430.7440990010115,0,0,0,0,0,1
0,1,144,40,45,187,2112517,2111649,9571,9571.131110038898,0,0,1,0,0,1
0,1,146,40,20,151,2278939,2279698,37392,37392.672970374435,0,0,0,0,0,2
0,1,128,36,83,210,7318292,7318593,4093,4093.206126901129,0,0,1,0,0,1
0,1,131,43,49,186,270786,270057,4083,4083.5631078482893,0,0,1,0,0,1
0,1,143,48,690,696,910042,910017,281,281.868700234372,0,0,0,1,0,1
1,0,101,70,23,35,2097791,2096933,99,99.83435539521031,0,1,0,0,0,1
0,1,127,37,40,214,2730541,2729402,6281,6281.974083449617,0,0,1,0,0,1
1,0,144,63,53,91,1081547,1082215,910,910.1431160522368,0,0,0,0,0,1
0,1,137,35,44,192,1700107,1700690,13293,13293.591281235595,0,0,1,0,0,1
0,1,168,40,1022,1040,754336,755159,546,546.3098799409211,0,0,0,0,0,2
0,1,132,36,42,214,2290236,2290849,6044,6044.848785626438,0,0,1,0,0,1
1,0,117,69,226,245,1302197,1302903,88,88.74157338962677,0,1,0,0,0,1
1,0,127,77,780,822,448310,448401,1223,1223.8923344135198,0,0,0,0,0,2
0,1,135,44,240,402,738581,738297,917,917.8993058389141,0,0,0,0,0,2
0,1,155,36,122,177,909302,908963,772,772.1745785304541,0,1,0,0,0,1
0,1,119,43,37,215,2751973,2750686,6469,6469.171200397991,0,0,1,0,0,1
1,0,159,143,1060,1084,751542,750993,236,236.57617332942525,0,0,0,0,0,2
0,1,151,43,43,192,1647452,1647472,13974,13974.484435455233,0,0,1,0,0,1
0,1,128,130,334,337,1319301,1318273,275,275.33805058743116,0,0,0,0,0,2
0,1,151,42,43,197,2339249,2340166,9469,9469.834788131084,0,0,1,0,0,1
0,1,144,188,1174,1183,60594,61187,335,335.67521142983094,0,0,0,0,0,2
0,1,200,37,326,364,57594,59351,2060,2060.037129577042,0,0,0,0,0,2
0,1,138,225,118,160,263013,263864,3424,3424.6752423514044,0,0,0,0,0,2
0,1,127,36,44,192,509735,508820,5780,5780.251161370809,0,0,1,0,0,1
1,0,134,84,1041,1064,3981195,3982374,375,375.89633301799194,0,0,0,0,0,1
0,1,135,65,300,312,1731952,1732064,306,306.42820406969247,0,0,0,0,0,2
1,0,156,72,35,139,776436,775522,4500,4500.786090593173,0,1,0,0,0,1
0,1,159,37,216,248,1539390,1539192,492,492.10787516680466,0,0,0,0,0,2
0,1,142,65,1580,1593,3160104,3160372,344,344.2741205564748,0,0,0,0,0,2
0,1,108,298,255,269,219278,220386,288,288.95040056469446,0,0,0,0,0,2
0,1,141,41,38,52,3779862,3779910,346,346.95887245005366,0,0,0,0,0,2
0,1,185,39,933,945,613386,611742,58,58.670709739259834,0,0,1,0,0,1
0,1,152,42,48,194,1625590,1626181,12825,12825.324153173126,0,0,1,0,0,1
1,0,153,75,1035,1056,4348378,4347622,338,338.2605979270362,0,0,0,0,0,1
1,0,140,69,123,129,1172387,1172744,333,333.3233420737007,0,1,0,0,0,1
0,1,129,39,1128,1137,11065789,11066517,297,297.72251503554264,0,0,0,0,0,2
1,0,146,200,319,341,5083201,5082251,247,247.544922439422,0,0,0,0,0,2
1,0,131,101,978,990,733348,734218,134,134.72418347380582,0,0,0,0,0,1
0,1,150,35,46,216,1308997,1310863,11364,11364.96835337224,0,0,1,0,0,1
0,1,128,67,1618,1632,3225446,3224724,220,220.44198043393732,0,0,0,0,0,2
0,1,145,43,77,113,1012269,1013367,6731,6731.227907894748,0,0,0,0,0,2
1,0,145,70,1173,1185,1038065,1039047,179,179.80662696021537,0,0,0,0,0,2
0,1,138,51,1256,1276,3874340,3875082,1176,1176.700688742089,1,0,0,0,0,1
1,0,117,56,1377,1389,3467802,3466650,106,106.5899346235162,0,0,0,0,0,2
1,0,129,73,869,881,900199,899901,187,187.70475036305672,0,0,0,0,0,1
0,1,110,176,1192,1205,9128,9374,252,252.52006450058005,0,1,0,0,0,1
0,1,127,71,1,16,646843,645301,592,592.9996193469005,0,0,0,0,0,2
1,0,141,202,1015,1035,3552853,3552604,213,213.10887386335204,0,0,0,0,0,2
1,0,150,62,1086,1099,1635797,1635986,392,392.2795442996484,0,0,0,0,0,1
0,1,113,303,1540,1561,48655,48920,581,581.7630007686608,0,0,0,0,0,2
0,1,143,66,1298,1319,601314,601394,2686,2686.605847603185,0,0,0,0,0,2
1,0,123,72,1458,1468,1928917,1927931,270,270.2627895656978,0,0,0,0,0,1
1,0,139,80,955,966,3680648,3682236,145,145.03783408318662,0,0,0,0,0,1
1,0,135,105,1154,1162,970537,970060,291,291.7253327123182,1,0,0,0,0,1
0,1,112,302,1574,1614,336576,337006,1784,1784.1809388760385,0,0,0,0,0,2
1,0,127,75,759,773,1067484,1066329,406,406.2495475554033,0,0,0,0,0,2
0,1,224,202,1168,1173,19068,17808,168,168.09433835152066,0,0,0,0,0,2
1,0,131,56,749,759,113073,112473,429,429.83658790890536,0,0,0,0,0,1
1,0,181,74,1342,1409,2793669,2794532,440,440.6221267451117,0,0,0,0,0,2
1,0,133,64,657,675,4212495,4212655,439,439.1556391346816,0,0,0,0,0,2
0,1,143,44,769,789,566170,567796,189,189.86223080607166,0,0,0,0,0,2
0,1,134,38,895,906,10344448,10343711,133,133.26371307256136,0,0,0,0,0,1
0,1,136,54,588,590,83263,84249,95,95.11985695338113,0,0,0,1,0,1
0,1,127,305,266,297,493265,493199,2500,2500.9167834839604,0,0,0,0,0,2
1,0,128,75,846,858,407319,407022,110,110.81838803229236,0,0,0,0,0,2
0,1,126,35,44,218,1648187,1647857,6688,6688.517104821966,0,0,1,0,0,1
0,1,153,248,1440,1451,219387,219598,366,366.0854688826923,0,0,0,0,0,2
1,0,158,66,21,30,786619,786156,360,360.9717947204591,1,0,0,0,0,1
0,1,137,37,752,772,337415,336505,278,278.5603477396841,0,0,0,0,0,1
1,0,141,65,383,397,132266,132852,198,198.39707285792133,0,0,0,0,0,1
0,1,142,68,904,908,3283762,3283170,230,230.16523236967325,0,0,0,0,0,2
1,0,121,68,112,120,1470808,1470416,121,121.17260144534457,0,1,0,0,0,1
1,0,115,68,52,72,573598,573002,1144,1144.97479203578,0,1,0,0,0,1
1,0,143,83,253,280,3801028,3802488,507,507.11523760530605,0,0,0,0,0,1
0,1,155,40,280,301,1133461,1132959,518,518.1990489203248,0,0,0,0,0,2
1,0,137,101,1155,1167,477061,476096,82,82.25677249456953,0,0,0,0,0,2
0,1,131,41,44,59,998467,996630,283,283.10476983450366,0,0,1,0,0,1
0,1,139,39,42,228,918716,919177,18084,18084.599543829274,0,0,1,0,0,1
1,0,132,73,99,111,2770612,2769863,90,90.01079376752186,0,0,0,0,0,2
1,0,151,75,632,654,96598,96100,470,470.32601215519975,0,0,0,0,0,1
1,0,131,75,89,105,2023939,2023156,407,407.35813599644916,0,1,0,0,0,1
1,0,142,73,225,241,1658153,1659414,259,259.38438324777826,0,1,0,0,0,1
1,0,97,71,1667,1671,2729636,2730321,270,270.49546688067863,0,0,0,0,0,2
1,0,117,76,1509,1526,881404,879731,439,439.3734887733343,0,0,0,0,0,2
0,1,147,65,375,386,1063701,1063222,172,172.81198288754604,1,0,0,0,0,1
0,1,155,37,145,198,1317069,1316707,755,755.7750568702387,0,1,0,0,0,1
0,1,130,196,100,173,395248,395991,8317,8317.99644053447,0,0,0,0,0,2
0,1,130,70,852,855,1688864,1688772,295,295.61458022850036,0,0,0,0,0,2
0,1,204,43,496,508,169556,169365,153,153.57937538915002,0,0,0,0,0,2
1,0,127,77,1162,1170,2521415,2519800,442,442.0292157282731,0,0,0,0,0,1
0,1,143,41,42,184,65364,65698,4730,4730.887788700278,0,0,1,0,0,1
0,1,133,39,46,182,388291,387578,4107,4107.219711224197,0,0,1,0,0,1
0,1,132,39,149,187,2812198,2812192,361,361.2796603426262,0,0,1,0,0,1
0,1,134,45,581,652,147615,147753,3473,3473.1723859598665,0,0,0,0,0,1
1,0,115,61,15,20,2845074,2844432,195,195.57986614546837,1,0,0,0,0,1
1,0,159,139,1297,1375,1505988,1506020,2179,2179.9260237835356,0,0,0,0,0,2
0,1,98,52,1374,1382,4309224,4310125,186,186.00377042258646,0,0,0,0,0,2
1,0,121,67,140,146,1386443,1386362,187,187.40984324687145,0,1,0,0,0,1
1,0,137,67,323,357,1748508,1747922,364,364.5905357686849,0,1,0,0,0,1
0,1,127,35,42,211,2410161,2410983,5738,5738.790886577168,0,0,0,0,0,2
0,1,134,195,9,22,380097,380680,168,168.33367177111177,0,0,0,0,0,2
0,1,142,54,1255,1262,1332481,1332406,23,23.939099072925316,0,0,0,1,0,1
0,1,152,36,93,152,2583733,2583898,1936,1936.9798522240715,0,0,1,0,0,1
1,0,142,73,339,360,3963122,3963133,375,375.30088177417,0,0,0,0,0,1
0,1,143,36,1152,1162,40339,41814,456,456.85042204336094,0,0,1,0,0,1
0,1,144,36,41,232,1317248,1317383,12314,12314.931616853393,0,0,1,0,0,1
0,1,133,36,23,40,3411045,3411938,400,400.44357422512724,0,0,0,0,0,2
0,1,147,40,88,213,7796476,7798332,3967,3967.20640019,0,0,1,0,0,1
0,1,137,43,46,214,2565996,2566988,6108,6108.355800415567,0,0,1,0,0,1
1,0,104,77,3,8,110907,110736,361,361.4194701461981,0,0,0,0,0,2
0,1,146,45,490,496,847693,848383,217,217.99953645396855,0,0,0,1,0,1
0,1,188,37,900,911,898816,898340,148,148.02053853001996,0,0,1,0,0,1
0,1,125,41,1218,1228,364588,365655,468,468.12805040342835,0,0,0,0,0,1
0,1,129,46,394,402,2513216,2514126,356,356.949552705583,0,0,0,0,0,1
0,1,126,94,1644,1659,1809781,1810489,688,688.7696692571188,1,0,0,0,0,1
0,1,138,37,45,223,563555,565134,18175,18175.398004585684,0,0,1,0,0,1
1,0,120,100,448,793,4569357,4568607,4395,4395.084614042678,0,0,0,0,0,2
0,1,146,36,42,198,499059,497654,5914,5914.100641542906,0,0,1,0,0,1
0,1,131,70,784,789,1043824,1044938,213,213.42884183624867,1,0,0,0,0,1
0,1,153,101,318,342,530234,531260,335,335.8468405110918,0,0,0,0,0,1
0,1,133,186,15,18,782188,782239,94,94.51425112953902,0,0,0,0,0,1
0,1,152,40,39,196,1863382,1863430,13188,13188.597706897683,0,0,1,0,0,1
0,1,138,39,1282,1302,4333451,4331993,3399,3399.076969712284,1,0,0,0,0,1
0,1,121,36,546,587,425329,426166,362,362.49407899453763,0,0,0,0,0,2
0,1,124,116,1325,1339,30572,30208,508,508.9143434604296,0,0,0,0,1,1
0,1,137,45,1330,1336,1668276,1669051,163,163.38517519270397,0,0,0,0,1,1
0,1,142,45,808,813,598636,597182,300,300.551932035211,0,0,0,1,0,1
0,1,137,41,1328,1336,1958704,1958475,334,334.730821374317,1,0,0,0,0,1
0,1,142,176,1293,1310,534436,534102,470,470.4879329466551,0,0,0,0,0,1
1,0,137,65,32,41,273747,274948,321,321.35047843248327,0,1,0,0,0,1
0,1,128,66,1262,1271,1918539,1918700,613,613.7067428013011,1,0,0,0,0,1
0,1,155,37,753,822,141880,141186,2438,2438.892977396919,0,0,0,0,0,2
1,0,142,203,400,422,4116101,4117146,502,502.4085479351896,0,0,0,0,0,1
0,1,141,40,131,168,532751,533982,404,404.71346751692846,0,0,1,0,0,1
0,1,145,45,42,190,2229323,2230569,9723,9723.396671067792,0,0,1,0,0,1
0,1,140,41,45,214,4348398,4348654,6312,6312.7535172847765,0,0,1,0,0,1
0,1,145,182,1059,1071,114484,113475,383,383.1283606531419,0,0,0,0,0,2
1,0,136,99,720,928,4689771,4689516,1617,1617.6397798464761,0,0,0,0,0,2
0,1,143,66,56,66,662208,660485,475,475.5702980543901,0,0,0,0,0,2
1,0,137,65,1273,1281,5436906,5436638,229,229.06804960704434,1,0,0,0,0,1
1,0,120,74,1215,1227,1939865,1941445,311,311.37269373710956,0,0,0,0,0,1
1,0,145,66,802,829,1518789,1520126,259,259.2312383590852,0,0,0,0,0,2
0,1,128,175,694,706,697581,698485,523,523.5672350214987,0,0,0,0,0,1
0,1,133,303,253,275,255833,256515,585,585.5457796263978,0,0,0,0,0,2
0,1,114,71,1555,1565,3375186,3374771,347,347.8238731138002,1,0,0,0,0,1
1,0,128,79,113,130,33959,33910,452,452.91796597043265,0,0,0,0,0,1
1,0,99,64,1537,1553,42138,43378,241,241.44351087377137,1,0,0,0,0,1
0,1,143,35,40,908,909374,908990,16590,16590.646562199992,0,0,1,0,0,1
1,0,114,74,85,92,2082577,2081844,101,101.14567805372721,0,1,0,0,0,1
1,0,118,79,1069,1088,2749812,2750951,406,406.1494082173384,0,0,0,0,0,1
0,1,147,36,46,198,1511992,1512431,14602,14602.60960105268,0,0,1,0,0,1
0,1,108,185,26,38,282014,281005,1162,1162.9965462323764,0,0,0,0,0,2
1,0,128,69,179,195,803346,802831,735,735.0995176070614,0,1,0,0,0,1
0,1,152,40,1082,1095,825068,825576,305,305.962715635394,0,0,0,0,0,2
1,0,122,70,68,93,961828,960864,704,704.9239937265318,0,1,0,0,0,1
0,1,156,42,0,225,417767,418421,20972,20972.310969806,0,0,1,0,0,1
1,0,151,62,566,576,2992273,2992833,162,162.42654784238854,0,0,0,0,0,1
0,1,126,35,1361,1373,2355640,2356222,587,587.7573259500534,1,0,0,0,0,1
0,1,126,41,476,493,12325,14140,341,341.22071709364275,0,0,1,0,0,1
0,1,129,119,1201,1211,60810,62154,320,320.9496159592858,0,0,0,0,0,2
0,1,123,45,356,373,409049,409544,170,170.28406798088506,0,0,0,0,0,1
0,1,145,50,322,331,678559,680009,55,55.55926668388739,0,0,0,1,0,1
0,1,147,51,588,589,982334,982585,73,73.04712112789026,0,0,0,1,0,1
0,1,128,179,981,997,334024,334042,1085,1085.9275022459422,1,0,0,0,0,1
0,1,131,41,40,216,2829191,2829027,6654,6654.167620193064,0,0,1,0,0,1
1,0,124,67,85,99,162388,162389,477,477.4539995961468,0,1,0,0,0,1
0,1,135,45,103,170,774488,774988,2445,2445.4052379740556,0,0,1,0,0,1
1,0,139,69,1304,1308,3976604,3975235,255,255.1503309754153,0,0,0,0,0,2
0,1,118,200,51,81,186618,185698,1371,1371.712759925923,0,0,0,0,0,2
1,0,146,69,146,154,254636,255040,281,281.87609314764427,0,1,0,0,0,1
1,0,146,148,333,339,321333,321873,120,120.31630495269478,0,0,0,0,0,2
1,0,131,73,105,123,1445791,1446505,522,522.6097848016747,0,0,0,0,0,2
0,1,151,51,317,319,1014457,1012882,162,162.66397199663467,0,0,0,1,0,1
0,1,151,37,43,188,2661874,2662744,6446,6446.047265418354,0,0,1,0,0,1
0,1,145,35,44,216,1174393,1174800,13615,13615.905712004771,0,0,1,0,0,1
0,1,129,44,1337,1351,1437593,1436130,312,312.60738639288013,0,0,0,0,0,2
0,1,155,41,109,181,1868518,1867269,2004,2004.154504603599,0,0,1,0,0,1
1,0,131,72,93,125,1785667,1785607,520,520.5867835999046,0,1,0,0,0,1
0,1,141,44,43,221,897789,898355,15172,15172.548667991578,0,0,1,0,0,1
1,0,151,64,191,203,1290154,1291071,287,287.3853752861203,0,0,0,0,0,1
1,0,148,96,784,923,4662011,4662157,993,993.0050350829104,0,0,0,0,0,2
0,1,142,42,139,170,301240,300606,366,366.2534463035323,0,0,0,0,0,2
0,1,131,38,172,187,211238,212170,451,451.82523134286504,1,0,0,0,0,1
0,1,137,38,40,195,520128,519662,6128,6128.898793189226,0,0,1,0,0,1
1,0,151,74,54,72,2338756,2340649,234,234.6368554005882,0,0,0,0,0,2
0,1,143,45,374,388,2794596,2795370,284,284.72398011640354,0,0,0,0,0,1
0,1,140,38,129,189,2314927,2315218,2247,2247.4415104809505,0,0,1,0,0,1
0,1,150,101,86,111,373011,373277,389,389.67413394142955,0,0,0,0,0,1
1,0,107,79,0,24,881046,882173,2047,2047.2650898748143,0,0,0,0,0,2
0,1,135,45,210,233,1346783,1346746,437,437.90074892617724,0,1,0,0,0,1
0,1,140,38,1122,1141,350497,351894,532,532.9951019492714,0,0,0,0,0,1
1,0,129,67,58,84,2595059,2594926,743,743.6211677053191,0,1,0,0,0,1
0,1,138,35,836,883,2150943,2150026,5527,5527.00650151427,0,0,1,0,0,1
0,1,97,39,1298,1311,4061786,4061284,222,222.19479110067942,0,0,0,0,0,2
0,1,123,41,395,422,4680333,4679690,423,423.5091459313717,0,0,0,0,0,1
1,0,141,74,19,28,471597,471571,316,316.56590200491985,1,0,0,0,0,1
1,0,146,71,1036,1048,778980,777794,198,198.5911350781205,0,0,0,0,0,1
0,1,137,177,143,169,518441,518788,257,257.84381870942343,0,0,0,0,0,2
0,1,141,42,43,68,1327356,1328276,778,778.513544117128,0,0,1,0,0,1
0,1,133,38,1246,1256,964010,963807,415,415.35386345445505,0,0,0,0,0,1
1,0,131,81,1103,1124,4474197,4475513,460,460.7117657134992,0,0,0,0,0,1
0,1,139,42,1546,1562,20784,18904,299,299.6547420009087,1,0,0,0,0,1
0,1,137,75,1253,1269,1230135,1229634,522,522.5145069858473,0,0,0,0,0,2
1,0,145,77,974,982,659734,658507,94,94.20341324514123,0,0,0,0,0,2
0,1,136,37,829,834,1930366,1929913,112,112.49659675354317,0,0,0,0,0,2
0,1,119,36,1185,1207,96810,96186,298,298.78299074231444,0,0,0,0,0,2
0,1,149,176,1056,1064,700622,700766,629,629.5792506407715,0,0,0,0,0,2
1,0,148,104,211,239,1786294,1784798,1238,1238.4156777451324,0,0,0,0,0,1
0,1,142,41,891,923,12438048,12438443,972,972.3077025801392,0,0,0,0,0,1
0,1,225,40,1085,1099,184637,185111,408,408.69157977543944,0,0,1,0,0,1
1,0,168,101,1382,1401,2128484,2128208,215,215.7914907047446,0,0,0,0,0,2
0,1,155,36,243,274,275139,275484,529,529.2300399260093,0,0,0,0,0,2
1,0,145,57,1067,1076,1593216,1594708,110,110.83415957903902,0,0,0,0,0,1
1,0,135,148,746,761,615168,615417,633,633.4966904117945,0,0,0,0,0,2
0,1,127,38,196,198,2165743,2166695,138,138.4164924069568,0,0,1,0,0,1
0,1,134,52,1,225,39792,41014,13402,13402.547109833868,0,0,1,0,0,1
1,0,117,69,475,489,1351916,1351287,118,118.38863874024064,0,0,0,0,0,2
0,1,146,65,4,16,235488,236536,2228,2228.9881019901864,0,0,0,0,0,2
0,1,124,38,1273,1303,9831643,9831666,3040,3040.9938541423194,0,0,0,0,0,2
0,1,143,42,39,215,2027285,2026808,6639,6639.55990198402,0,0,1,0,0,1
0,1,140,42,269,279,12917478,12917313,495,495.2729988833746,1,0,0,0,0,1
0,1,155,305,1569,1588,195651,195789,424,424.6868220652757,0,0,0,0,0,2
0,1,137,37,39,218,2854435,2854697,6588,6588.951747313258,0,0,1,0,0,1
1,0,83,66,14,23,375132,375031,284,284.3346813511347,0,1,0,0,0,1
1,0,151,62,543,559,1541432,1541593,365,365.06104864360975,0,0,0,0,0,1
0,1,117,44,233,332,119359,120517,5953,5953.058606401581,0,0,1,0,0,1
0,1,202,197,131,138,31210,31753,140,140.91676237667866,0,0,0,0,0,2
0,1,129,37,911,918,339836,340874,310,310.54830723026146,0,0,0,0,0,1
0,1,148,37,132,137,503891,503613,83,83.18314679645171,0,0,0,0,0,2
0,1,121,183,1290,1311,498149,499148,2658,2658.935499519347,1,0,0,0,0,1
0,1,139,52,1038,1042,157037,156391,281,281.8948905333065,0,0,0,1,0,1
0,1,108,195,57,71,34753,33431,360,360.03918988679874,1,0,0,0,0,1
0,1,158,41,42,194,1903265,1902210,11658,11658.877319017192,0,0,1,0,0,1
0,1,142,44,19,28,878259,877631,326,326.7745703021505,0,0,0,0,0,1
1,0,158,97,1386,1401,1298272,1298322,278,278.9655765979674,0,0,0,0,0,2
0,1,126,43,43,178,410091,409708,4027,4027.305877023726,0,0,1,0,0,1
0,1,135,36,43,212,4640202,4640132,5863,5863.6956372899895,0,0,1,0,0,1
0,1,190,43,383,428,2602040,2601807,143,143.6520257696186,0,0,0,0,0,2
0,1,129,42,44,209,2335888,2336931,5867,5867.876788076967,0,0,1,0,0,1
0,1,133,198,1330,1345,11800,12930,160,160.45008019506233,0,0,0,0,0,2
0,1,126,300,247,262,184324,183901,595,595.893378859125,0,0,0,0,0,2
0,1,136,50,526,542,2922140,2923089,386,386.9370428242866,0,0,0,0,0,1
1,0,125,80,1060,1087,3374248,3374841,203,203.04923186397383,0,0,0,0,0,1
1,0,142,103,1339,1351,1313467,1312865,379,379.124962260174,0,0,0,0,0,2
1,0,146,69,117,138,1621703,1623187,469,469.13448136276827,0,1,0,0,0,1
1,0,143,301,1036,1056,960939,960797,164,164.4483882044722,0,0,0,0,0,2
0,1,139,99,614,627,2215119,2216053,203,203.49399615240924,0,0,0,0,1,1
0,1,148,41,40,198,1820961,1821027,13327,13327.832420557916,0,0,1,0,0,1
0,1,143,41,558,572,2424957,2426439,406,406.78941088670257,1,0,0,0,0,1
0,1,147,49,738,745,3957575,3956874,572,572.0372605816477,1,0,0,0,0,1
0,1,193,201,702,711,86086,85483,119,119.21018829780822,0,0,0,0,0,2
0,1,152,38,102,195,2012600,2012754,2947,2947.6202812705874,0,0,1,0,0,1
1,0,113,72,33,47,2070853,2071739,432,432.42922708585894,0,1,0,0,0,1
0,1,141,300,1574,1587,115529,115627,300,300.6917813906566,0,0,0,0,0,2
1,0,140,116,26,47,1953598,1953389,286,286.2763158831155,0,0,0,0,0,2
1,0,128,66,929,939,1518182,1519728,305,305.7377146043691,0,0,0,0,0,1
1,0,130,104,483,494,11429889,11429417,138,138.91782956966628,1,0,0,0,0,1
0,1,129,36,1150,1164,10506546,10507778,335,335.61794091566105,0,0,0,0,0,1
1,0,144,104,1131,1142,334393,335631,202,202.33952587427046,0,0,0,0,0,2
1,0,148,81,1290,1307,1387632,1387652,311,311.552158719581,0,0,0,0,0,2
0,1,127,36,40,222,1836738,1836066,6666,6666.318841815326,0,0,1,0,0,1
0,1,143,40,44,218,2885309,2885924,6460,6460.148032331081,0,0,1,0,0,1
0,1,144,36,491,506,54966,56473,437,437.2761671239168,0,0,1,0,0,1
1,0,160,69,123,139,2474146,2473087,265,265.0661757202461,0,0,0,0,0,2
0,1,146,39,1162,1167,1331157,1332511,143,143.35232594964125,0,0,0,0,0,1
0,1,145,50,1199,1202,1424645,1424209,60,60.14596383010396,0,0,0,1,0,1
0,1,141,43,42,222,2698514,2698924,6504,6504.61659570128,0,0,1,0,0,1
1,0,126,115,262,275,849397,849054,179,179.23272383319028,0,0,0,0,0,1
0,1,159,198,12,18,143000,142886,130,130.1251554041185,0,0,0,0,0,2
0,1,133,37,583,599,54808,55435,319,319.23046690972194,0,0,0,0,0,1
0,1,145,35,1169,1192,293279,293314,467,467.3493094341225,0,0,0,0,0,2
0,1,145,47,1197,1203,818707,818988,316,316.44957055375767,0,0,0,1,0,1
1,0,126,84,651,672,2162298,2162999,122,122.51857752559016,0,0,0,0,0,2
0,1,163,40,99,129,2633215,2633085,330,330.27886693075385,0,0,0,0,0,2
